Frame,Time,Speed_kmh,Target_Speed,Steer,Throttle,Brake,State,Lane_ID,Front_Dist,L_Free,R_Free
1,0.05,0.06,5.00,0.0000,1.00,0.00,KEEP_LANE,-1,80.00,False,False
2,0.10,0.04,5.00,0.0000,1.00,0.00,KEEP_LANE,-1,80.00,False,False
3,0.15,0.03,5.00,0.0000,1.00,0.00,KEEP_LANE,-1,80.00,False,False
4,0.20,0.02,5.00,0.0000,1.00,0.00,KEEP_LANE,-1,80.00,False,False
5,0.25,0.01,100.00,0.0000,1.00,0.00,KEEP_LANE,-1,80.00,False,False
6,0.30,0.01,100.00,0.0000,1.00,0.00,KEEP_LANE,-1,80.00,False,False
7,0.35,0.00,100.00,0.0000,1.00,0.00,KEEP_LANE,-1,80.00,False,False
8,0.40,0.00,100.00,0.0000,1.00,0.00,KEEP_LANE,-1,80.00,False,False
9,0.45,0.00,100.00,0.0000,1.00,0.00,KEEP_LANE,-1,80.00,False,False
10,0.50,1.37,5.00,0.0000,0.00,0.00,KEEP_LANE,-1,79.99,False,False
11,0.55,4.26,5.00,0.0000,0.84,0.00,KEEP_LANE,-1,79.95,True,False
12,0.60,6.47,5.00,0.0000,0.00,0.00,KEEP_LANE,-1,79.87,True,False
13,0.65,7.86,5.00,0.0000,0.00,0.11,KEEP_LANE,-1,79.77,True,False
14,0.70,8.63,5.27,0.0000,0.00,0.17,KEEP_LANE,-1,79.65,True,False
15,0.75,8.88,5.33,0.0000,0.00,0.19,KEEP_LANE,-1,79.53,True,False
16,0.80,8.92,6.17,0.0000,0.00,0.09,KEEP_LANE,-1,79.42,True,False
17,0.85,8.83,7.20,0.0000,0.00,0.00,KEEP_LANE,-1,79.33,True,False
18,0.90,8.89,7.58,0.0000,0.00,0.00,KEEP_LANE,-1,79.23,True,False
19,0.95,8.81,7.84,0.0000,0.00,0.00,KEEP_LANE,-1,79.15,True,False
20,1.00,8.71,8.47,0.0000,0.00,0.00,KEEP_LANE,-1,79.08,True,False
21,1.05,8.54,8.45,0.0000,0.00,0.00,KEEP_LANE,-1,79.00,True,False
22,1.10,8.41,8.51,0.0000,0.00,0.00,KEEP_LANE,-1,78.94,True,False
23,1.15,8.22,8.98,0.0000,0.54,0.00,KEEP_LANE,-1,78.87,True,False
24,1.20,7.98,9.79,0.0000,1.00,0.00,KEEP_LANE,-1,78.82,True,False
25,1.25,7.90,10.48,0.0000,1.00,0.00,KEEP_LANE,-1,78.78,True,False
26,1.30,8.15,11.55,0.0000,1.00,0.00,KEEP_LANE,-1,78.76,True,False
27,1.35,8.73,12.29,0.0000,1.00,0.00,KEEP_LANE,-1,78.74,True,False
28,1.40,9.69,13.12,0.0000,1.00,0.00,KEEP_LANE,-1,78.72,True,False
29,1.45,10.80,14.20,0.0000,1.00,0.00,KEEP_LANE,-1,78.69,True,False
30,1.50,12.11,15.51,0.0000,1.00,0.00,KEEP_LANE,-1,78.67,True,False
31,1.55,13.38,16.97,0.0000,1.00,0.00,KEEP_LANE,-1,78.65,True,False
32,1.60,14.64,18.37,0.0000,1.00,0.00,KEEP_LANE,-1,78.63,True,False
33,1.65,15.89,19.77,0.0000,1.00,0.00,KEEP_LANE,-1,78.62,True,False
34,1.70,17.12,21.22,0.0000,1.00,0.00,KEEP_LANE,-1,78.60,True,False
35,1.75,18.35,22.64,0.0000,1.00,0.00,KEEP_LANE,-1,78.59,True,False
36,1.80,19.58,23.99,0.0000,1.00,0.00,KEEP_LANE,-1,78.58,True,False
37,1.85,19.97,23.66,0.0000,1.00,0.00,KEEP_LANE,-1,78.57,True,False
38,1.90,20.62,24.52,0.0000,1.00,0.00,KEEP_LANE,-1,78.56,True,False
39,1.95,21.34,24.98,0.0000,1.00,0.00,KEEP_LANE,-1,78.53,True,False
40,2.00,22.42,26.23,0.0000,1.00,0.00,KEEP_LANE,-1,78.52,True,False
41,2.05,23.47,26.99,0.0000,1.00,0.00,KEEP_LANE,-1,78.50,True,False
42,2.10,24.78,28.05,-0.0000,1.00,0.00,KEEP_LANE,-1,78.48,False,False
43,2.15,25.99,28.77,-0.0001,1.00,0.00,KEEP_LANE,-1,78.45,False,False
44,2.20,27.45,29.55,0.0002,1.00,0.00,KEEP_LANE,-1,78.41,False,False
45,2.25,28.71,29.62,0.0001,1.00,0.00,KEEP_LANE,-1,78.36,False,False
46,2.30,30.17,25.88,-0.0001,0.00,0.29,KEEP_LANE,-1,78.26,False,False
47,2.35,31.28,21.90,-0.0000,0.00,0.92,KEEP_LANE,-1,78.09,False,False
48,2.40,31.89,23.15,0.0000,0.00,0.84,KEEP_LANE,-1,77.89,False,False
49,2.45,31.80,24.29,0.0000,0.00,0.69,KEEP_LANE,-1,77.71,False,False
50,2.50,31.54,24.24,0.0000,0.00,0.66,KEEP_LANE,-1,77.54,False,False
51,2.55,30.96,24.11,0.0000,0.00,0.61,KEEP_LANE,-1,77.37,False,False
52,2.60,30.41,24.55,0.0000,0.00,0.48,KEEP_LANE,-1,77.21,False,False
53,2.65,29.65,24.87,0.0000,0.00,0.35,KEEP_LANE,-1,77.07,False,False
54,2.70,29.05,24.91,0.0000,0.00,0.27,KEEP_LANE,-1,76.94,False,False
55,2.75,28.28,24.77,0.0000,0.00,0.19,KEEP_LANE,-1,76.82,False,False
56,2.80,27.70,27.04,-0.0000,0.00,0.00,KEEP_LANE,-1,76.73,False,False
57,2.85,27.00,28.13,-0.0000,0.97,0.00,KEEP_LANE,-1,76.67,False,False
58,2.90,26.52,28.99,-0.0000,1.00,0.00,KEEP_LANE,-1,76.63,False,False
59,2.95,26.00,29.34,0.0000,1.00,0.00,KEEP_LANE,-1,76.60,False,False
60,3.00,25.84,29.08,-0.0000,1.00,0.00,KEEP_LANE,-1,76.57,False,False
61,3.05,25.84,28.91,-0.0000,1.00,0.00,KEEP_LANE,-1,76.55,False,False
62,3.10,26.30,27.64,-0.0000,1.00,0.00,KEEP_LANE,-1,76.51,False,False
63,3.15,26.90,23.80,-0.0000,0.00,0.14,KEEP_LANE,-1,76.43,False,False
64,3.20,27.72,23.38,-0.0000,0.00,0.29,KEEP_LANE,-1,76.30,False,False
65,3.25,28.12,23.48,-0.0000,0.00,0.33,KEEP_LANE,-1,76.17,False,False
66,3.30,28.26,23.30,-0.0000,0.00,0.37,KEEP_LANE,-1,76.03,False,False
67,3.35,28.00,23.63,-0.0000,0.00,0.30,KEEP_LANE,-1,75.89,False,False
68,3.40,27.73,23.80,-0.0000,0.00,0.24,KEEP_LANE,-1,75.77,False,False
69,3.45,27.23,24.38,-0.0000,0.00,0.11,KEEP_LANE,-1,75.65,False,False
70,3.50,26.84,24.80,-0.0000,0.00,0.00,KEEP_LANE,-1,75.55,False,False
71,3.55,26.28,25.56,-0.0000,0.00,0.00,KEEP_LANE,-1,75.47,False,False
72,3.60,25.87,26.12,-0.0000,0.06,0.00,KEEP_LANE,-1,75.40,False,False
73,3.65,25.29,26.85,-0.0000,1.00,0.00,KEEP_LANE,-1,75.34,False,False
74,3.70,24.90,27.06,-0.0000,1.00,0.00,KEEP_LANE,-1,75.30,False,False
75,3.75,24.46,27.19,-0.0000,1.00,0.00,KEEP_LANE,-1,75.27,False,False
76,3.80,24.39,26.84,-0.0000,1.00,0.00,KEEP_LANE,-1,75.23,False,False
77,3.85,24.47,26.71,-0.0000,1.00,0.00,KEEP_LANE,-1,75.20,False,False
78,3.90,25.01,26.24,-0.0000,1.00,0.00,KEEP_LANE,-1,75.15,False,False
79,3.95,25.67,21.40,-0.0000,0.00,0.28,KEEP_LANE,-1,75.05,False,False
80,4.00,26.68,21.60,0.0000,0.00,0.39,KEEP_LANE,-1,74.91,False,False
81,4.05,27.52,21.91,-0.0000,0.00,0.45,KEEP_LANE,-1,74.76,False,False
82,4.10,28.06,22.12,0.0000,0.00,0.49,KEEP_LANE,-1,74.61,False,False
83,4.15,28.06,22.39,-0.0000,0.00,0.46,KEEP_LANE,-1,74.46,False,False
84,4.20,27.93,22.64,-0.0000,0.00,0.41,KEEP_LANE,-1,74.32,False,False
85,4.25,27.50,22.95,0.0000,0.00,0.32,KEEP_LANE,-1,74.18,False,False
86,4.30,27.12,22.91,-0.0000,0.00,0.28,KEEP_LANE,-1,74.06,False,False
87,4.35,26.53,23.17,0.0000,0.00,0.17,KEEP_LANE,-1,73.94,False,False
88,4.40,26.08,23.27,-0.0000,0.00,0.10,KEEP_LANE,-1,73.83,False,False
89,4.45,25.45,23.31,-0.0000,0.00,0.02,KEEP_LANE,-1,73.72,False,False
90,4.50,25.01,23.22,-0.0000,0.00,0.00,KEEP_LANE,-1,73.63,False,False
91,4.55,24.40,23.57,0.0000,0.00,0.00,KEEP_LANE,-1,73.54,False,False
92,4.60,23.96,23.77,0.0000,0.00,0.00,KEEP_LANE,-1,73.47,False,False
93,4.65,23.34,24.32,-0.0000,0.79,0.00,KEEP_LANE,-1,73.40,False,False
94,4.70,22.93,24.56,-0.0000,1.00,0.00,KEEP_LANE,-1,73.35,False,False
95,4.75,22.44,24.89,-0.0000,1.00,0.00,KEEP_LANE,-1,73.31,False,False
96,4.80,22.31,24.71,0.0000,1.00,0.00,KEEP_LANE,-1,73.28,False,False
97,4.85,22.30,24.68,0.0000,1.00,0.00,KEEP_LANE,-1,73.24,False,False
98,4.90,22.76,24.29,0.0000,1.00,0.00,KEEP_LANE,-1,73.20,False,False
99,4.95,23.35,19.44,-0.0000,0.00,0.24,KEEP_LANE,-1,73.11,False,False
100,5.00,24.16,19.60,0.0000,0.00,0.32,KEEP_LANE,-1,72.97,False,False
101,5.05,24.53,19.54,0.0000,0.00,0.37,KEEP_LANE,-1,72.84,False,False
102,5.10,24.68,19.03,0.0000,0.00,0.46,KEEP_LANE,-1,72.69,False,False
103,5.15,24.42,18.30,0.0000,0.00,0.52,KEEP_LANE,-1,72.54,False,False
104,5.20,24.15,17.29,-0.0000,0.00,0.61,KEEP_LANE,-1,72.38,False,False
105,5.25,23.57,16.37,0.0000,0.00,0.65,KEEP_LANE,-1,72.21,False,False
106,5.30,23.08,14.49,0.0000,0.00,0.82,KEEP_LANE,-1,72.03,False,False
107,5.35,22.31,10.39,-0.0000,0.00,1.00,KEEP_LANE,-1,71.82,False,False
108,5.40,20.75,5.72,0.0000,0.00,1.00,KEEP_LANE,-1,71.55,False,False
109,5.45,15.92,5.01,0.0000,0.00,1.00,KEEP_LANE,-1,71.30,False,False
110,5.50,11.07,5.00,-0.0000,0.00,0.51,KEEP_LANE,-1,71.12,False,False
111,5.55,6.24,5.01,-0.0000,0.00,0.00,KEEP_LANE,-1,71.01,False,False
112,5.60,1.49,5.02,-0.0000,1.00,0.00,KEEP_LANE,-1,70.96,False,False
113,5.65,2.40,5.02,0.0000,1.00,0.00,KEEP_LANE,-1,70.94,False,False
114,5.70,3.01,5.02,0.0000,1.00,0.00,KEEP_LANE,-1,70.90,False,False
115,5.75,3.77,5.02,-0.0003,0.96,0.00,KEEP_LANE,-1,70.85,False,False
116,5.80,4.56,5.01,0.0001,0.16,0.00,KEEP_LANE,-1,70.79,False,False
117,5.85,5.44,5.01,0.0001,0.00,0.00,KEEP_LANE,-1,70.72,False,False
118,5.90,6.25,5.00,0.0004,0.00,0.00,KEEP_LANE,-1,70.64,False,False
119,5.95,6.72,5.00,-0.0000,0.00,0.00,KEEP_LANE,-1,70.55,False,False
120,6.00,6.93,5.00,0.0003,0.00,0.00,KEEP_LANE,-1,70.45,False,False
121,6.05,6.99,5.00,0.0000,0.00,0.00,KEEP_LANE,-1,70.36,False,False
122,6.10,6.96,5.00,0.0003,0.00,0.00,KEEP_LANE,-1,70.26,False,False
123,6.15,6.88,5.00,0.0000,0.00,0.00,KEEP_LANE,-1,70.16,False,False
124,6.20,6.77,5.00,0.0003,0.00,0.00,KEEP_LANE,-1,70.07,False,False
125,6.25,6.65,5.00,0.0000,0.00,0.00,KEEP_LANE,-1,69.98,False,False
126,6.30,6.53,5.00,0.0003,0.00,0.00,KEEP_LANE,-1,69.89,False,False
127,6.35,6.40,5.00,0.0000,0.00,0.00,KEEP_LANE,-1,69.80,False,False
128,6.40,6.27,5.00,0.0003,0.00,0.00,KEEP_LANE,-1,69.71,False,False
129,6.45,6.14,5.00,0.0000,0.00,0.00,KEEP_LANE,-1,69.62,False,False
130,6.50,6.02,5.00,0.0003,0.00,0.00,KEEP_LANE,-1,69.54,False,False
131,6.55,5.89,5.00,-0.0000,0.00,0.00,KEEP_LANE,-1,69.46,False,False
132,6.60,5.77,5.00,0.0003,0.00,0.00,KEEP_LANE,-1,69.37,False,False
133,6.65,5.65,5.00,-0.0000,0.00,0.00,KEEP_LANE,-1,69.30,False,False
134,6.70,5.54,5.00,0.0003,0.00,0.00,KEEP_LANE,-1,69.22,False,False
135,6.75,5.42,5.00,-0.0000,0.00,0.00,KEEP_LANE,-1,69.14,False,False
136,6.80,5.31,5.00,0.0002,0.00,0.00,KEEP_LANE,-1,69.07,False,False
137,6.85,5.20,5.00,-0.0000,0.00,0.00,KEEP_LANE,-1,68.99,False,False
138,6.90,5.09,5.00,0.0002,0.00,0.00,KEEP_LANE,-1,68.92,False,False
139,6.95,4.99,5.00,-0.0000,0.00,0.00,KEEP_LANE,-1,68.85,False,False
140,7.00,4.89,5.00,0.0002,0.00,0.00,KEEP_LANE,-1,68.78,False,False
141,7.05,4.79,5.00,-0.0001,0.09,0.00,KEEP_LANE,-1,68.72,False,False
142,7.10,4.52,5.00,0.0005,0.42,0.00,KEEP_LANE,-1,68.65,False,False
143,7.15,4.38,5.00,-0.0001,0.62,0.00,KEEP_LANE,-1,68.59,False,False
144,7.20,4.50,5.00,0.0004,0.54,0.00,KEEP_LANE,-1,68.53,False,False
145,7.25,4.81,5.00,0.0002,0.25,0.00,KEEP_LANE,-1,68.47,False,False
146,7.30,5.04,5.00,0.0009,0.00,0.00,KEEP_LANE,-1,68.40,False,False
147,7.35,5.51,5.00,0.0009,0.00,0.00,KEEP_LANE,-1,68.32,False,False
148,7.40,5.70,5.00,0.0010,0.00,0.00,KEEP_LANE,-1,68.24,False,False
149,7.45,5.80,5.00,0.0009,0.00,0.00,KEEP_LANE,-1,68.16,False,False
150,7.50,5.77,5.00,0.0012,0.00,0.00,KEEP_LANE,-1,68.08,False,False
151,7.55,5.72,5.00,0.0009,0.00,0.00,KEEP_LANE,-1,68.00,False,False
152,7.60,5.63,5.00,0.0012,0.00,0.00,KEEP_LANE,-1,67.93,False,False
153,7.65,5.53,5.00,0.0009,0.00,0.00,KEEP_LANE,-1,67.85,False,False
154,7.70,5.43,5.00,0.0012,0.00,0.00,KEEP_LANE,-1,67.77,False,False
155,7.75,5.32,5.00,0.0009,0.00,0.00,KEEP_LANE,-1,67.70,False,False
156,7.80,5.22,5.00,0.0011,0.00,0.00,KEEP_LANE,-1,67.63,False,False
157,7.85,5.11,5.00,0.0008,0.00,0.00,KEEP_LANE,-1,67.55,False,False
158,7.90,5.01,5.00,0.0011,0.00,0.00,KEEP_LANE,-1,67.48,False,False
159,7.95,4.90,5.00,0.0007,0.00,0.00,KEEP_LANE,-1,67.41,False,False
160,8.00,4.80,5.00,0.0010,0.07,0.00,KEEP_LANE,-1,67.35,False,False
161,8.05,4.53,5.00,0.0004,0.41,0.00,KEEP_LANE,-1,67.28,False,False
162,8.10,4.38,5.00,0.0009,0.61,0.00,KEEP_LANE,-1,67.22,False,False
163,8.15,4.48,5.00,0.0005,0.56,0.00,KEEP_LANE,-1,67.16,False,False
164,8.20,4.79,5.00,0.0006,0.27,0.00,KEEP_LANE,-1,67.10,False,False
165,8.25,5.01,5.00,-0.0001,0.00,0.00,KEEP_LANE,-1,67.03,False,False
166,8.30,5.50,5.00,-0.0001,0.00,0.00,KEEP_LANE,-1,66.95,False,False
167,8.35,5.70,5.00,-0.0003,0.00,0.00,KEEP_LANE,-1,66.88,False,False
168,8.40,5.80,5.00,-0.0002,0.00,0.00,KEEP_LANE,-1,66.80,False,False
169,8.45,5.78,5.00,-0.0005,0.00,0.00,KEEP_LANE,-1,66.71,False,False
170,8.50,5.72,5.00,-0.0002,0.00,0.00,KEEP_LANE,-1,66.63,False,False
171,8.55,5.64,5.00,-0.0005,0.00,0.00,KEEP_LANE,-1,66.56,False,False
172,8.60,5.54,5.00,-0.0003,0.00,0.00,KEEP_LANE,-1,66.48,False,False
173,8.65,5.44,5.00,-0.0006,0.00,0.00,KEEP_LANE,-1,66.40,False,False
174,8.70,5.33,5.00,-0.0003,0.00,0.00,KEEP_LANE,-1,66.33,False,False
175,8.75,5.22,5.00,-0.0006,0.00,0.00,KEEP_LANE,-1,66.25,False,False
176,8.80,5.12,5.00,-0.0003,0.00,0.00,KEEP_LANE,-1,66.18,False,False
177,8.85,5.01,5.00,-0.0006,0.00,0.00,KEEP_LANE,-1,66.11,False,False
178,8.90,4.91,5.00,-0.0003,0.00,0.00,KEEP_LANE,-1,66.04,False,False
179,8.95,4.81,5.00,-0.0006,0.06,0.00,KEEP_LANE,-1,65.98,False,False
180,9.00,4.54,5.00,0.0000,0.40,0.00,KEEP_LANE,-1,65.91,False,False
181,9.05,4.38,5.00,-0.0005,0.61,0.00,KEEP_LANE,-1,65.85,False,False
182,9.10,4.47,5.00,-0.0001,0.57,0.00,KEEP_LANE,-1,65.79,False,False
183,9.15,4.77,5.00,-0.0003,0.28,0.00,KEEP_LANE,-1,65.73,False,False
184,9.20,5.00,5.00,0.0004,0.08,0.00,KEEP_LANE,-1,65.66,False,False
185,9.25,5.39,5.00,0.0004,0.00,0.00,KEEP_LANE,-1,65.58,False,False
186,9.30,5.67,5.00,0.0008,0.00,0.00,KEEP_LANE,-1,65.51,False,False
187,9.35,5.81,5.00,0.0007,0.00,0.00,KEEP_LANE,-1,65.43,False,False
188,9.40,5.80,5.00,0.0010,0.00,0.00,KEEP_LANE,-1,65.35,False,False
189,9.45,5.76,5.00,0.0007,0.00,0.00,KEEP_LANE,-1,65.27,False,False
190,9.50,5.68,5.00,0.0010,0.00,0.00,KEEP_LANE,-1,65.19,False,False
191,9.55,5.59,5.00,0.0007,0.00,0.00,KEEP_LANE,-1,65.11,False,False
192,9.60,5.49,5.00,0.0010,0.00,0.00,KEEP_LANE,-1,65.03,False,False
193,9.65,5.38,5.00,0.0007,0.00,0.00,KEEP_LANE,-1,64.96,False,False
194,9.70,5.27,5.00,0.0010,0.00,0.00,KEEP_LANE,-1,64.88,False,False
195,9.75,5.17,5.00,0.0007,0.00,0.00,KEEP_LANE,-1,64.81,False,False
196,9.80,5.06,5.00,0.0010,0.00,0.00,KEEP_LANE,-1,64.74,False,False
197,9.85,4.96,5.00,0.0007,0.00,0.00,KEEP_LANE,-1,64.67,False,False
198,9.90,4.86,5.00,0.0009,0.00,0.00,KEEP_LANE,-1,64.60,False,False
199,9.95,4.76,5.00,0.0006,0.14,0.00,KEEP_LANE,-1,64.54,False,False
200,10.00,4.50,5.00,0.0011,0.47,0.00,KEEP_LANE,-1,64.47,False,False
201,10.05,4.38,5.00,0.0005,0.63,0.00,KEEP_LANE,-1,64.41,False,False
202,10.10,4.59,5.00,0.0008,0.45,0.00,KEEP_LANE,-1,64.35,False,False
203,10.15,4.77,5.00,0.0004,0.30,0.00,KEEP_LANE,-1,64.28,False,False
204,10.20,5.17,5.00,0.0002,0.00,0.00,KEEP_LANE,-1,64.21,False,False
205,10.25,5.48,5.00,-0.0003,0.00,0.00,KEEP_LANE,-1,64.14,False,False
206,10.30,5.76,5.00,-0.0001,0.00,0.00,KEEP_LANE,-1,64.06,False,False
207,10.35,5.81,5.00,-0.0005,0.00,0.00,KEEP_LANE,-1,63.98,False,False
208,10.40,5.82,5.00,-0.0003,0.00,0.00,KEEP_LANE,-1,63.90,False,False
209,10.45,5.77,5.00,-0.0006,0.00,0.00,KEEP_LANE,-1,63.82,False,False
210,10.50,5.68,5.00,-0.0003,0.00,0.00,KEEP_LANE,-1,63.74,False,False
211,10.55,5.59,5.00,-0.0006,0.00,0.00,KEEP_LANE,-1,63.66,False,False
212,10.60,5.48,5.00,-0.0004,0.00,0.00,KEEP_LANE,-1,63.58,False,False
213,10.65,5.37,5.00,-0.0007,0.00,0.00,KEEP_LANE,-1,63.51,False,False
214,10.70,5.27,5.00,-0.0004,0.00,0.00,KEEP_LANE,-1,63.44,False,False
215,10.75,5.16,5.00,-0.0007,0.00,0.00,KEEP_LANE,-1,63.36,False,False
216,10.80,5.05,5.00,-0.0004,0.00,0.00,KEEP_LANE,-1,63.29,False,False
217,10.85,4.95,5.00,-0.0006,0.00,0.00,KEEP_LANE,-1,63.22,False,False
218,10.90,4.85,5.00,-0.0003,0.00,0.00,KEEP_LANE,-1,63.16,False,False
219,10.95,4.75,5.00,-0.0006,0.15,0.00,KEEP_LANE,-1,63.09,False,False
220,11.00,4.49,5.00,-0.0000,0.47,0.00,KEEP_LANE,-1,63.03,False,False
221,11.05,4.38,5.00,-0.0006,0.63,0.00,KEEP_LANE,-1,62.96,False,False
222,11.10,4.60,5.00,-0.0002,0.45,0.00,KEEP_LANE,-1,62.90,False,False
223,11.15,4.78,5.00,-0.0006,0.29,0.00,KEEP_LANE,-1,62.84,False,False
224,11.20,5.18,5.00,-0.0007,0.00,0.00,KEEP_LANE,-1,62.77,False,False
225,11.25,5.35,5.00,-0.0013,0.00,0.00,KEEP_LANE,-1,62.69,False,False
226,11.30,5.81,5.00,-0.0013,0.00,0.00,KEEP_LANE,-1,62.61,False,False
227,11.35,5.99,5.00,-0.0016,0.00,0.00,KEEP_LANE,-1,62.53,False,False
228,11.40,6.07,5.00,-0.0014,0.00,0.00,KEEP_LANE,-1,62.45,False,False
229,11.45,6.04,5.00,-0.0016,0.00,0.00,KEEP_LANE,-1,62.36,False,False
230,11.50,5.98,5.00,-0.0013,0.00,0.00,KEEP_LANE,-1,62.28,False,False
231,11.55,5.89,5.00,-0.0016,0.00,0.00,KEEP_LANE,-1,62.20,False,False
232,11.60,5.78,5.00,-0.0013,0.00,0.00,KEEP_LANE,-1,62.12,False,False
233,11.65,5.67,5.00,-0.0016,0.00,0.00,KEEP_LANE,-1,62.04,False,False
234,11.70,5.56,5.00,-0.0013,0.00,0.00,KEEP_LANE,-1,61.96,False,False
235,11.75,5.45,5.00,-0.0015,0.00,0.00,KEEP_LANE,-1,61.88,False,False
236,11.80,5.34,5.00,-0.0012,0.00,0.00,KEEP_LANE,-1,61.81,False,False
237,11.85,5.23,5.00,-0.0014,0.00,0.00,KEEP_LANE,-1,61.74,False,False
238,11.90,5.12,5.00,-0.0011,0.00,0.00,KEEP_LANE,-1,61.66,False,False
239,11.95,5.02,5.00,-0.0013,0.00,0.00,KEEP_LANE,-1,61.59,False,False
240,12.00,4.92,5.00,-0.0010,0.00,0.00,KEEP_LANE,-1,61.53,False,False
241,12.05,4.81,5.00,-0.0012,0.04,0.00,KEEP_LANE,-1,61.46,False,False
242,12.10,4.54,5.00,-0.0006,0.39,0.00,KEEP_LANE,-1,61.39,False,False
243,12.15,4.38,5.00,-0.0011,0.61,0.00,KEEP_LANE,-1,61.33,False,False
244,12.20,4.44,5.00,-0.0006,0.59,0.00,KEEP_LANE,-1,61.27,False,False
245,12.25,4.64,5.00,-0.0010,0.43,0.00,KEEP_LANE,-1,61.21,False,False
246,12.30,5.14,5.00,-0.0012,0.00,0.00,KEEP_LANE,-1,61.14,False,False
247,12.35,5.50,5.00,-0.0017,0.00,0.00,KEEP_LANE,-1,61.06,False,False
248,12.40,5.86,5.00,-0.0015,0.00,0.00,KEEP_LANE,-1,60.98,False,False
249,12.45,5.95,5.00,-0.0018,0.00,0.00,KEEP_LANE,-1,60.90,False,False
250,12.50,5.98,5.00,-0.0016,0.00,0.00,KEEP_LANE,-1,60.82,False,False
251,12.55,5.93,5.00,-0.0018,0.00,0.00,KEEP_LANE,-1,60.74,False,False
252,12.60,5.85,5.00,-0.0015,0.00,0.00,KEEP_LANE,-1,60.65,False,False
253,12.65,5.76,5.00,-0.0017,0.00,0.00,KEEP_LANE,-1,60.57,False,False
254,12.70,5.65,5.00,-0.0014,0.00,0.00,KEEP_LANE,-1,60.49,False,False
255,12.75,5.54,5.00,-0.0017,0.00,0.00,KEEP_LANE,-1,60.42,False,False
256,12.80,5.43,5.00,-0.0014,0.00,0.00,KEEP_LANE,-1,60.34,False,False
257,12.85,5.32,5.00,-0.0016,0.00,0.00,KEEP_LANE,-1,60.27,False,False
258,12.90,5.21,5.00,-0.0013,0.00,0.00,KEEP_LANE,-1,60.19,False,False
259,12.95,5.11,5.00,-0.0015,0.00,0.00,KEEP_LANE,-1,60.12,False,False
260,13.00,5.00,5.00,-0.0012,0.00,0.00,KEEP_LANE,-1,60.05,False,False
261,13.05,4.90,5.00,-0.0014,0.00,0.00,KEEP_LANE,-1,59.98,False,False
262,13.10,4.80,5.00,-0.0011,0.07,0.00,KEEP_LANE,-1,59.92,False,False
263,13.15,4.53,5.00,-0.0016,0.41,0.00,KEEP_LANE,-1,59.85,False,False
264,13.20,4.38,5.00,-0.0010,0.62,0.00,KEEP_LANE,-1,59.79,False,False
265,13.25,4.48,5.00,-0.0014,0.56,0.00,KEEP_LANE,-1,59.73,False,False
266,13.30,4.79,5.00,-0.0011,0.27,0.00,KEEP_LANE,-1,59.66,False,False
267,13.35,5.01,5.00,-0.0017,0.00,0.00,KEEP_LANE,-1,59.60,False,False
268,13.40,5.51,5.00,-0.0017,0.00,0.00,KEEP_LANE,-1,59.52,False,False
269,13.45,5.71,5.00,-0.0018,0.00,0.00,KEEP_LANE,-1,59.44,False,False
270,13.50,5.81,5.00,-0.0017,0.00,0.00,KEEP_LANE,-1,59.36,False,False
271,13.55,5.79,5.00,-0.0019,0.00,0.00,KEEP_LANE,-1,59.28,False,False
272,13.60,5.73,5.00,-0.0016,0.00,0.00,KEEP_LANE,-1,59.20,False,False
273,13.65,5.65,5.00,-0.0018,0.00,0.00,KEEP_LANE,-1,59.12,False,False
274,13.70,5.55,5.00,-0.0015,0.00,0.00,KEEP_LANE,-1,59.05,False,False
275,13.75,5.45,5.00,-0.0017,0.00,0.00,KEEP_LANE,-1,58.97,False,False
276,13.80,5.34,5.00,-0.0014,0.00,0.00,KEEP_LANE,-1,58.90,False,False
277,13.85,5.23,5.00,-0.0017,0.00,0.00,KEEP_LANE,-1,58.82,False,False
278,13.90,5.13,5.00,-0.0013,0.00,0.00,KEEP_LANE,-1,58.75,False,False
279,13.95,5.02,5.00,-0.0015,0.00,0.00,KEEP_LANE,-1,58.68,False,False
280,14.00,4.92,5.00,-0.0012,0.00,0.00,KEEP_LANE,-1,58.61,False,False
281,14.05,4.82,5.00,-0.0014,0.05,0.00,KEEP_LANE,-1,58.54,False,False
282,14.10,4.54,5.00,-0.0008,0.39,0.00,KEEP_LANE,-1,58.48,False,False
283,14.15,4.38,5.00,-0.0013,0.61,0.00,KEEP_LANE,-1,58.42,False,False
284,14.20,4.45,5.00,-0.0008,0.58,0.00,KEEP_LANE,-1,58.36,False,False
285,14.25,4.64,5.00,-0.0012,0.42,0.00,KEEP_LANE,-1,58.29,False,False
286,14.30,5.13,5.00,-0.0014,0.00,0.00,KEEP_LANE,-1,58.22,False,False
287,14.35,5.51,5.00,-0.0018,0.00,0.00,KEEP_LANE,-1,58.15,False,False
288,14.40,5.85,5.00,-0.0016,0.00,0.00,KEEP_LANE,-1,58.07,False,False
289,14.45,5.94,5.00,-0.0018,0.00,0.00,KEEP_LANE,-1,57.99,False,False
290,14.50,5.97,5.00,-0.0016,0.00,0.00,KEEP_LANE,-1,57.91,False,False
291,14.55,5.92,5.00,-0.0018,0.00,0.00,KEEP_LANE,-1,57.82,False,False
292,14.60,5.84,5.00,-0.0015,0.00,0.00,KEEP_LANE,-1,57.74,False,False
293,14.65,5.74,5.00,-0.0017,0.00,0.00,KEEP_LANE,-1,57.66,False,False
294,14.70,5.64,5.00,-0.0014,0.00,0.00,KEEP_LANE,-1,57.58,False,False
295,14.75,5.53,5.00,-0.0017,0.00,0.00,KEEP_LANE,-1,57.50,False,False
296,14.80,5.42,5.00,-0.0014,0.00,0.00,KEEP_LANE,-1,57.43,False,False
297,14.85,5.31,5.00,-0.0016,0.00,0.00,KEEP_LANE,-1,57.35,False,False
298,14.90,5.20,5.00,-0.0013,0.00,0.00,KEEP_LANE,-1,57.28,False,False
299,14.95,5.09,5.00,-0.0015,0.00,0.00,KEEP_LANE,-1,57.21,False,False
300,15.00,4.99,5.00,-0.0011,0.00,0.00,KEEP_LANE,-1,57.14,False,False
301,15.05,4.89,5.00,-0.0014,0.00,0.00,KEEP_LANE,-1,57.07,False,False
302,15.10,4.79,5.00,-0.0010,0.09,0.00,KEEP_LANE,-1,57.01,False,False
303,15.15,4.52,5.00,-0.0015,0.43,0.00,KEEP_LANE,-1,56.94,False,False
304,15.20,4.38,5.00,-0.0009,0.62,0.00,KEEP_LANE,-1,56.88,False,False
305,15.25,4.50,5.00,-0.0013,0.54,0.00,KEEP_LANE,-1,56.82,False,False
306,15.30,4.82,5.00,-0.0011,0.24,0.00,KEEP_LANE,-1,56.75,False,False
307,15.35,5.04,5.00,-0.0018,0.00,0.00,KEEP_LANE,-1,56.68,False,False
308,15.40,5.51,5.00,-0.0017,0.00,0.00,KEEP_LANE,-1,56.61,False,False
309,15.45,5.69,5.00,-0.0018,0.00,0.00,KEEP_LANE,-1,56.53,False,False
310,15.50,5.79,5.00,-0.0017,0.00,0.00,KEEP_LANE,-1,56.45,False,False
311,15.55,5.77,5.00,-0.0019,0.00,0.00,KEEP_LANE,-1,56.37,False,False
312,15.60,5.70,5.00,-0.0016,0.00,0.00,KEEP_LANE,-1,56.29,False,False
313,15.65,5.62,5.00,-0.0018,0.00,0.00,KEEP_LANE,-1,56.21,False,False
314,15.70,5.52,5.00,-0.0015,0.00,0.00,KEEP_LANE,-1,56.14,False,False
315,15.75,5.42,5.00,-0.0017,0.00,0.00,KEEP_LANE,-1,56.06,False,False
316,15.80,5.31,5.00,-0.0014,0.00,0.00,KEEP_LANE,-1,55.99,False,False
317,15.85,5.21,5.00,-0.0017,0.00,0.00,KEEP_LANE,-1,55.91,False,False
318,15.90,5.10,5.00,-0.0013,0.00,0.00,KEEP_LANE,-1,55.84,False,False
319,15.95,5.00,5.00,-0.0015,0.00,0.00,KEEP_LANE,-1,55.77,False,False
320,16.00,4.89,5.00,-0.0012,0.00,0.00,KEEP_LANE,-1,55.70,False,False
321,16.05,4.79,5.00,-0.0014,0.08,0.00,KEEP_LANE,-1,55.64,False,False
322,16.10,4.53,5.00,-0.0008,0.42,0.00,KEEP_LANE,-1,55.57,False,False
323,16.15,4.38,5.00,-0.0013,0.62,0.00,KEEP_LANE,-1,55.51,False,False
324,16.20,4.50,5.00,-0.0009,0.54,0.00,KEEP_LANE,-1,55.45,False,False
325,16.25,4.81,5.00,-0.0010,0.25,0.00,KEEP_LANE,-1,55.38,False,False
326,16.30,5.03,5.00,-0.0003,0.00,0.00,KEEP_LANE,-1,55.32,False,False
327,16.35,5.50,5.00,-0.0002,0.00,0.00,KEEP_LANE,-1,55.24,False,False
328,16.40,5.69,5.00,-0.0000,0.00,0.00,KEEP_LANE,-1,55.16,False,False
329,16.45,5.79,5.00,-0.0001,0.00,0.00,KEEP_LANE,-1,55.08,False,False
330,16.50,5.76,5.00,0.0002,0.00,0.00,KEEP_LANE,-1,55.00,False,False
331,16.55,5.70,5.00,-0.0000,0.00,0.00,KEEP_LANE,-1,54.92,False,False
332,16.60,5.62,5.00,0.0003,0.00,0.00,KEEP_LANE,-1,54.85,False,False
333,16.65,5.52,5.00,0.0000,0.00,0.00,KEEP_LANE,-1,54.77,False,False
334,16.70,5.42,5.00,0.0004,0.00,0.00,KEEP_LANE,-1,54.69,False,False
335,16.75,5.31,5.00,0.0001,0.00,0.00,KEEP_LANE,-1,54.62,False,False
336,16.80,5.21,5.00,0.0004,0.00,0.00,KEEP_LANE,-1,54.54,False,False
337,16.85,5.10,5.00,0.0001,0.00,0.00,KEEP_LANE,-1,54.47,False,False
338,16.90,5.00,5.00,0.0004,0.00,0.00,KEEP_LANE,-1,54.40,False,False
339,16.95,4.89,5.00,0.0001,0.00,0.00,KEEP_LANE,-1,54.33,False,False
340,17.00,4.79,5.00,0.0004,0.08,0.00,KEEP_LANE,-1,54.27,False,False
341,17.05,4.53,5.00,-0.0002,0.42,0.00,KEEP_LANE,-1,54.20,False,False
342,17.10,4.38,5.00,0.0004,0.62,0.00,KEEP_LANE,-1,54.14,False,False
343,17.15,4.50,5.00,-0.0001,0.54,0.00,KEEP_LANE,-1,54.08,False,False
344,17.20,4.81,5.00,0.0001,0.25,0.00,KEEP_LANE,-1,54.02,False,False
345,17.25,5.03,5.00,-0.0006,0.00,0.00,KEEP_LANE,-1,53.95,False,False
346,17.30,5.50,5.00,-0.0006,0.00,0.00,KEEP_LANE,-1,53.87,False,False
347,17.35,5.69,5.00,-0.0008,0.00,0.00,KEEP_LANE,-1,53.79,False,False
348,17.40,5.79,5.00,-0.0007,0.00,0.00,KEEP_LANE,-1,53.71,False,False
349,17.45,5.77,5.00,-0.0009,0.00,0.00,KEEP_LANE,-1,53.63,False,False
350,17.50,5.71,5.00,-0.0006,0.00,0.00,KEEP_LANE,-1,53.56,False,False
351,17.55,5.62,5.00,-0.0009,0.00,0.00,KEEP_LANE,-1,53.48,False,False
352,17.60,5.52,5.00,-0.0007,0.00,0.00,KEEP_LANE,-1,53.40,False,False
353,17.65,5.42,5.00,-0.0009,0.00,0.00,KEEP_LANE,-1,53.32,False,False
354,17.70,5.31,5.00,-0.0007,0.00,0.00,KEEP_LANE,-1,53.25,False,False
355,17.75,5.21,5.00,-0.0009,0.00,0.00,KEEP_LANE,-1,53.18,False,False
356,17.80,5.10,5.00,-0.0006,0.00,0.00,KEEP_LANE,-1,53.10,False,False
357,17.85,5.00,5.00,-0.0009,0.00,0.00,KEEP_LANE,-1,53.03,False,False
358,17.90,4.89,5.00,-0.0006,0.00,0.00,KEEP_LANE,-1,52.97,False,False
359,17.95,4.79,5.00,-0.0008,0.08,0.00,KEEP_LANE,-1,52.90,False,False
360,18.00,4.53,5.00,-0.0002,0.42,0.00,KEEP_LANE,-1,52.83,False,False
361,18.05,4.38,5.00,-0.0008,0.62,0.00,KEEP_LANE,-1,52.77,False,False
362,18.10,4.49,5.00,-0.0003,0.54,0.00,KEEP_LANE,-1,52.71,False,False
363,18.15,4.81,5.00,-0.0005,0.25,0.00,KEEP_LANE,-1,52.65,False,False
364,18.20,5.03,5.00,0.0002,0.00,0.00,KEEP_LANE,-1,52.58,False,False
365,18.25,5.50,5.00,0.0002,0.00,0.00,KEEP_LANE,-1,52.50,False,False
366,18.30,5.69,5.00,0.0004,0.00,0.00,KEEP_LANE,-1,52.43,False,False
367,18.35,5.79,5.00,0.0004,0.00,0.00,KEEP_LANE,-1,52.35,False,False
368,18.40,5.77,5.00,0.0006,0.00,0.00,KEEP_LANE,-1,52.27,False,False
369,18.45,5.71,5.00,0.0004,0.00,0.00,KEEP_LANE,-1,52.19,False,False
370,18.50,5.62,5.00,0.0007,0.00,0.00,KEEP_LANE,-1,52.11,False,False
371,18.55,5.52,5.00,0.0004,0.00,0.00,KEEP_LANE,-1,52.03,False,False
372,18.60,5.42,5.00,0.0007,0.00,0.00,KEEP_LANE,-1,51.95,False,False
373,18.65,5.31,5.00,0.0004,0.00,0.00,KEEP_LANE,-1,51.88,False,False
374,18.70,5.21,5.00,0.0007,0.00,0.00,KEEP_LANE,-1,51.81,False,False
375,18.75,5.10,5.00,0.0004,0.00,0.00,KEEP_LANE,-1,51.74,False,False
376,18.80,5.00,5.00,0.0007,0.00,0.00,KEEP_LANE,-1,51.67,False,False
377,18.85,4.90,5.00,0.0004,0.00,0.00,KEEP_LANE,-1,51.60,False,False
378,18.90,4.79,5.00,0.0006,0.08,0.00,KEEP_LANE,-1,51.53,False,False
379,18.95,4.53,5.00,0.0001,0.42,0.00,KEEP_LANE,-1,51.47,False,False
380,19.00,4.38,5.00,0.0006,0.62,0.00,KEEP_LANE,-1,51.40,False,False
381,19.05,4.49,5.00,0.0001,0.55,0.00,KEEP_LANE,-1,51.34,False,False
382,19.10,4.81,5.00,0.0003,0.25,0.00,KEEP_LANE,-1,51.28,False,False
383,19.15,5.03,5.00,-0.0004,0.00,0.00,KEEP_LANE,-1,51.21,False,False
384,19.20,5.51,5.00,-0.0004,0.00,0.00,KEEP_LANE,-1,51.14,False,False
385,19.25,5.69,5.00,-0.0006,0.00,0.00,KEEP_LANE,-1,51.06,False,False
386,19.30,5.79,5.00,-0.0005,0.00,0.00,KEEP_LANE,-1,50.98,False,False
387,19.35,5.77,5.00,-0.0008,0.00,0.00,KEEP_LANE,-1,50.90,False,False
388,19.40,5.71,5.00,-0.0005,0.00,0.00,KEEP_LANE,-1,50.82,False,False
389,19.45,5.62,5.00,-0.0008,0.00,0.00,KEEP_LANE,-1,50.74,False,False
390,19.50,5.53,5.00,-0.0005,0.00,0.00,KEEP_LANE,-1,50.66,False,False
391,19.55,5.42,5.00,-0.0008,0.00,0.00,KEEP_LANE,-1,50.59,False,False
392,19.60,5.32,5.00,-0.0005,0.00,0.00,KEEP_LANE,-1,50.51,False,False
393,19.65,5.21,5.00,-0.0008,0.00,0.00,KEEP_LANE,-1,50.44,False,False
394,19.70,5.10,5.00,-0.0005,0.00,0.00,KEEP_LANE,-1,50.37,False,False
395,19.75,5.00,5.00,-0.0008,0.00,0.00,KEEP_LANE,-1,50.30,False,False
396,19.80,4.90,5.00,-0.0005,0.00,0.00,KEEP_LANE,-1,50.23,False,False
397,19.85,4.80,5.00,-0.0007,0.08,0.00,KEEP_LANE,-1,50.16,False,False
398,19.90,4.53,5.00,-0.0001,0.41,0.00,KEEP_LANE,-1,50.10,False,False
399,19.95,4.38,5.00,-0.0007,0.62,0.00,KEEP_LANE,-1,50.04,False,False
400,20.00,4.49,5.00,-0.0002,0.55,0.00,KEEP_LANE,-1,49.97,False,False
401,20.05,4.80,5.00,-0.0004,0.26,0.00,KEEP_LANE,-1,49.91,False,False
402,20.10,5.02,5.00,0.0003,0.00,0.00,KEEP_LANE,-1,49.84,False,False
403,20.15,5.50,5.00,0.0003,0.00,0.00,KEEP_LANE,-1,49.77,False,False
404,20.20,5.69,5.00,0.0005,0.00,0.00,KEEP_LANE,-1,49.69,False,False
405,20.25,5.80,5.00,0.0004,0.00,0.00,KEEP_LANE,-1,49.61,False,False
406,20.30,5.77,5.00,0.0007,0.00,0.00,KEEP_LANE,-1,49.53,False,False
407,20.35,5.71,5.00,0.0004,0.00,0.00,KEEP_LANE,-1,49.45,False,False
408,20.40,5.63,5.00,0.0007,0.00,0.00,KEEP_LANE,-1,49.37,False,False
409,20.45,5.53,5.00,0.0005,0.00,0.00,KEEP_LANE,-1,49.29,False,False
410,20.50,5.43,5.00,0.0008,0.00,0.00,KEEP_LANE,-1,49.22,False,False
411,20.55,5.32,5.00,0.0005,0.00,0.00,KEEP_LANE,-1,49.14,False,False
412,20.60,5.21,5.00,0.0008,0.00,0.00,KEEP_LANE,-1,49.07,False,False
413,20.65,5.11,5.00,0.0005,0.00,0.00,KEEP_LANE,-1,49.00,False,False
414,20.70,5.00,5.00,0.0007,0.00,0.00,KEEP_LANE,-1,48.93,False,False
415,20.75,4.90,5.00,0.0004,0.00,0.00,KEEP_LANE,-1,48.86,False,False
416,20.80,4.80,5.00,0.0007,0.07,0.00,KEEP_LANE,-1,48.79,False,False
417,20.85,4.53,5.00,0.0001,0.41,0.00,KEEP_LANE,-1,48.73,False,False
418,20.90,4.38,5.00,0.0007,0.61,0.00,KEEP_LANE,-1,48.67,False,False
419,20.95,4.48,5.00,0.0002,0.55,0.00,KEEP_LANE,-1,48.60,False,False
420,21.00,4.81,5.00,0.0003,0.25,0.00,KEEP_LANE,-1,48.54,False,False
421,21.05,5.08,5.00,-0.0004,0.00,0.00,KEEP_LANE,-1,48.47,False,False
422,21.10,5.61,5.00,-0.0003,0.00,0.00,KEEP_LANE,-1,48.40,False,False
423,21.15,5.82,5.00,-0.0006,0.00,0.00,KEEP_LANE,-1,48.32,False,False
424,21.20,5.90,5.00,-0.0003,0.00,0.00,KEEP_LANE,-1,48.23,False,False
425,21.25,5.89,5.00,-0.0006,0.00,0.00,KEEP_LANE,-1,48.15,False,False
426,21.30,5.83,5.00,-0.0003,0.00,0.00,KEEP_LANE,-1,48.07,False,False
427,21.35,5.74,5.00,-0.0006,0.00,0.00,KEEP_LANE,-1,47.99,False,False
428,21.40,5.64,5.00,-0.0004,0.00,0.00,KEEP_LANE,-1,47.91,False,False
429,21.45,5.54,5.00,-0.0007,0.00,0.00,KEEP_LANE,-1,47.83,False,False
430,21.50,5.43,5.00,-0.0004,0.00,0.00,KEEP_LANE,-1,47.76,False,False
431,21.55,5.32,5.00,-0.0007,0.00,0.00,KEEP_LANE,-1,47.68,False,False
432,21.60,5.21,5.00,-0.0004,0.00,0.00,KEEP_LANE,-1,47.61,False,False
433,21.65,5.10,5.00,-0.0006,0.00,0.00,KEEP_LANE,-1,47.54,False,False
434,21.70,5.00,5.00,-0.0003,0.00,0.00,KEEP_LANE,-1,47.47,False,False
435,21.75,4.90,5.00,-0.0006,0.00,0.00,KEEP_LANE,-1,47.40,False,False
436,21.80,4.80,5.00,-0.0003,0.07,0.00,KEEP_LANE,-1,47.33,False,False
437,21.85,4.53,5.00,-0.0008,0.41,0.00,KEEP_LANE,-1,47.27,False,False
438,21.90,4.38,5.00,-0.0003,0.62,0.00,KEEP_LANE,-1,47.21,False,False
439,21.95,4.48,5.00,-0.0007,0.55,0.00,KEEP_LANE,-1,47.15,False,False
440,22.00,4.79,5.00,-0.0005,0.26,0.00,KEEP_LANE,-1,47.08,False,False
441,22.05,5.02,5.00,-0.0011,0.00,0.00,KEEP_LANE,-1,47.01,False,False
442,22.10,5.51,5.00,-0.0011,0.00,0.00,KEEP_LANE,-1,46.94,False,False
443,22.15,5.70,5.00,-0.0013,0.00,0.00,KEEP_LANE,-1,46.86,False,False
444,22.20,5.80,5.00,-0.0012,0.00,0.00,KEEP_LANE,-1,46.78,False,False
445,22.25,5.78,5.00,-0.0014,0.00,0.00,KEEP_LANE,-1,46.70,False,False
446,22.30,5.72,5.00,-0.0011,0.00,0.00,KEEP_LANE,-1,46.62,False,False
447,22.35,5.64,5.00,-0.0014,0.00,0.00,KEEP_LANE,-1,46.54,False,False
448,22.40,5.54,5.00,-0.0011,0.00,0.00,KEEP_LANE,-1,46.46,False,False
449,22.45,5.44,5.00,-0.0013,0.00,0.00,KEEP_LANE,-1,46.39,False,False
450,22.50,5.33,5.00,-0.0010,0.00,0.00,KEEP_LANE,-1,46.31,False,False
451,22.55,5.22,5.00,-0.0013,0.00,0.00,KEEP_LANE,-1,46.24,False,False
452,22.60,5.12,5.00,-0.0010,0.00,0.00,KEEP_LANE,-1,46.17,False,False
453,22.65,5.01,5.00,-0.0012,0.00,0.00,KEEP_LANE,-1,46.10,False,False
454,22.70,4.91,5.00,-0.0009,0.00,0.00,KEEP_LANE,-1,46.03,False,False
455,22.75,4.81,5.00,-0.0011,0.06,0.00,KEEP_LANE,-1,45.96,False,False
456,22.80,4.54,5.00,-0.0005,0.40,0.00,KEEP_LANE,-1,45.90,False,False
457,22.85,4.38,5.00,-0.0011,0.61,0.00,KEEP_LANE,-1,45.84,False,False
458,22.90,4.47,5.00,-0.0006,0.57,0.00,KEEP_LANE,-1,45.78,False,False
459,22.95,4.73,5.00,-0.0008,0.33,0.00,KEEP_LANE,-1,45.71,False,False
460,23.00,5.14,5.00,-0.0009,0.00,0.00,KEEP_LANE,-1,45.64,False,False
461,23.05,5.46,5.00,-0.0014,0.00,0.00,KEEP_LANE,-1,45.57,False,False
462,23.10,5.76,5.00,-0.0011,0.00,0.00,KEEP_LANE,-1,45.49,False,False
463,23.15,5.82,5.00,-0.0014,0.00,0.00,KEEP_LANE,-1,45.41,False,False
464,23.20,5.83,5.00,-0.0011,0.00,0.00,KEEP_LANE,-1,45.33,False,False
465,23.25,5.78,5.00,-0.0013,0.00,0.00,KEEP_LANE,-1,45.25,False,False
466,23.30,5.70,5.00,-0.0010,0.00,0.00,KEEP_LANE,-1,45.17,False,False
467,23.35,5.60,5.00,-0.0013,0.00,0.00,KEEP_LANE,-1,45.09,False,False
468,23.40,5.50,5.00,-0.0010,0.00,0.00,KEEP_LANE,-1,45.01,False,False
469,23.45,5.39,5.00,-0.0013,0.00,0.00,KEEP_LANE,-1,44.94,False,False
470,23.50,5.28,5.00,-0.0010,0.00,0.00,KEEP_LANE,-1,44.86,False,False
471,23.55,5.17,5.00,-0.0012,0.00,0.00,KEEP_LANE,-1,44.79,False,False
472,23.60,5.07,5.00,-0.0009,0.00,0.00,KEEP_LANE,-1,44.72,False,False
473,23.65,4.97,5.00,-0.0012,0.00,0.00,KEEP_LANE,-1,44.65,False,False
474,23.70,4.86,5.00,-0.0008,0.00,0.00,KEEP_LANE,-1,44.58,False,False
475,23.75,4.76,5.00,-0.0011,0.13,0.00,KEEP_LANE,-1,44.52,False,False
476,23.80,4.50,5.00,-0.0005,0.46,0.00,KEEP_LANE,-1,44.45,False,False
477,23.85,4.38,5.00,-0.0010,0.63,0.00,KEEP_LANE,-1,44.39,False,False
478,23.90,4.58,5.00,-0.0006,0.47,0.00,KEEP_LANE,-1,44.33,False,False
479,23.95,4.75,5.00,-0.0010,0.32,0.00,KEEP_LANE,-1,44.26,True,False
480,24.00,5.16,5.00,-0.0011,0.00,0.00,KEEP_LANE,-1,44.19,True,False
481,24.05,5.49,5.00,-0.0016,0.00,0.00,KEEP_LANE,-1,44.12,True,False
482,24.10,5.77,5.00,-0.0013,0.00,0.00,KEEP_LANE,-1,44.04,True,False
483,24.15,5.83,5.00,-0.0016,0.00,0.00,KEEP_LANE,-1,43.96,True,False
484,24.20,5.84,5.00,-0.0013,0.00,0.00,KEEP_LANE,-1,43.88,True,False
485,24.25,5.78,5.00,-0.0015,0.00,0.00,KEEP_LANE,-1,43.80,True,False
486,24.30,5.70,5.00,-0.0012,0.00,0.00,KEEP_LANE,-1,43.72,True,False
487,24.35,5.60,5.00,-0.0015,0.00,0.00,KEEP_LANE,-1,43.64,True,False
488,24.40,5.49,5.00,-0.0012,0.00,0.00,KEEP_LANE,-1,43.56,True,False
489,24.45,5.38,5.00,-0.0014,0.00,0.00,KEEP_LANE,-1,43.49,True,False
490,24.50,5.26,5.00,-0.0011,0.00,0.00,KEEP_LANE,-1,43.41,True,False
491,24.55,5.15,5.00,-0.0014,0.00,0.00,KEEP_LANE,-1,43.34,True,False
492,24.60,5.03,5.00,-0.0010,0.00,0.00,KEEP_LANE,-1,43.27,True,False
493,24.65,4.91,5.00,-0.0012,0.00,0.00,KEEP_LANE,-1,43.20,True,False
494,24.70,4.78,5.00,-0.0009,0.07,0.00,KEEP_LANE,-1,43.13,True,False
495,24.75,4.47,5.00,-0.0014,0.45,0.00,KEEP_LANE,-1,43.07,True,False
496,24.80,4.29,5.00,-0.0008,0.70,0.00,KEEP_LANE,-1,43.01,True,False
497,24.85,4.31,5.00,-0.0010,0.74,0.00,KEEP_LANE,-1,42.95,True,False
498,24.90,4.82,5.00,-0.0013,0.23,0.00,KEEP_LANE,-1,42.89,True,False
499,24.95,5.17,5.00,-0.0012,0.00,0.00,KEEP_LANE,-1,42.82,True,False
500,25.00,5.74,5.00,-0.0013,0.00,0.00,KEEP_LANE,-1,42.74,True,False
501,25.05,5.93,5.00,-0.0012,0.00,0.00,KEEP_LANE,-1,42.66,False,False
502,25.10,6.03,5.00,-0.0011,0.00,0.00,KEEP_LANE,-1,42.57,False,False
503,25.15,6.00,5.00,-0.0010,0.00,0.00,KEEP_LANE,-1,42.49,False,False
504,25.20,5.96,5.00,-0.0010,0.00,0.00,KEEP_LANE,-1,42.41,False,False
505,25.25,5.79,5.00,-0.0010,0.00,0.00,KEEP_LANE,-1,42.32,False,False
506,25.30,5.65,5.00,-0.0009,0.00,0.00,KEEP_LANE,-1,42.24,False,False
507,25.35,5.47,5.00,-0.0009,0.00,0.00,KEEP_LANE,-1,42.17,False,False
508,25.40,5.37,5.00,-1.0000,0.00,0.00,KEEP_LANE,-1,42.09,False,False
509,25.45,5.21,5.00,-0.8272,0.00,0.00,KEEP_LANE,-1,42.02,False,False
510,25.50,5.02,5.00,-0.2196,0.00,0.00,KEEP_LANE,-1,41.94,False,False
511,25.55,4.83,5.00,-0.5214,0.00,0.00,KEEP_LANE,-1,41.87,False,False
512,25.60,4.70,5.00,-0.5413,0.10,0.00,KEEP_LANE,-1,41.80,False,False
513,25.65,4.34,5.00,-0.5580,0.57,0.00,KEEP_LANE,-1,41.73,False,False
514,25.70,4.07,5.00,-0.5707,0.92,0.00,KEEP_LANE,-1,41.66,False,False
515,25.75,4.17,5.00,-0.5834,0.88,0.00,KEEP_LANE,-1,41.58,False,False
516,25.80,4.52,5.00,-0.5947,0.58,0.00,KEEP_LANE,-1,41.49,False,False
517,25.85,5.08,70.00,-0.6055,1.00,0.00,KEEP_LANE,-1,999.00,False,False
518,25.90,5.72,70.00,-0.5769,1.00,0.00,KEEP_LANE,-1,999.00,False,False
519,25.95,6.53,70.00,-0.5478,1.00,0.00,KEEP_LANE,-1,999.00,False,False
520,26.00,7.52,70.00,-0.5352,1.00,0.00,KEEP_LANE,-1,999.00,False,False
521,26.05,8.67,70.00,-0.5218,1.00,0.00,KEEP_LANE,-1,999.00,False,False
522,26.10,9.86,70.00,-0.5066,1.00,0.00,KEEP_LANE,-1,999.00,False,False
523,26.15,11.16,70.00,-0.4911,1.00,0.00,KEEP_LANE,-1,999.00,False,False
524,26.20,12.43,70.00,-0.4748,1.00,0.00,KEEP_LANE,-1,999.00,False,False
525,26.25,13.71,70.00,-0.4551,1.00,0.00,KEEP_LANE,-1,999.00,False,False
526,26.30,14.96,70.00,-0.4291,1.00,0.00,KEEP_LANE,-1,999.00,False,False
527,26.35,16.21,70.00,-0.4064,1.00,0.00,KEEP_LANE,-1,999.00,False,False
528,26.40,17.44,70.00,-0.3841,1.00,0.00,KEEP_LANE,-1,999.00,False,False
529,26.45,18.68,70.00,-0.3617,1.00,0.00,KEEP_LANE,-1,999.00,False,False
530,26.50,19.79,70.00,-0.3409,1.00,0.00,KEEP_LANE,-1,999.00,False,False
531,26.55,20.22,70.00,-0.3217,1.00,0.00,KEEP_LANE,-1,999.00,False,False
532,26.60,21.14,70.00,-0.3037,1.00,0.00,KEEP_LANE,-1,999.00,False,False
533,26.65,22.12,70.00,-0.2870,1.00,0.00,KEEP_LANE,-1,999.00,False,False
534,26.70,23.48,70.00,-1.0000,1.00,0.00,KEEP_LANE,-1,999.00,False,False
535,26.75,24.55,70.00,-1.0000,1.00,0.00,KEEP_LANE,-1,999.00,False,False
536,26.80,25.53,70.00,-1.0000,1.00,0.00,KEEP_LANE,-1,999.00,False,False
537,26.85,26.30,70.00,-1.0000,1.00,0.00,KEEP_LANE,-1,999.00,False,False
538,26.90,26.95,70.00,-1.0000,1.00,0.00,KEEP_LANE,-1,999.00,False,False
539,26.95,27.31,70.00,-1.0000,1.00,0.00,KEEP_LANE,-1,999.00,False,False
540,27.00,27.51,70.00,-1.0000,1.00,0.00,KEEP_LANE,-1,999.00,False,False
541,27.05,27.77,70.00,-1.0000,1.00,0.00,KEEP_LANE,1,999.00,False,False
542,27.10,28.16,70.00,-1.0000,1.00,0.00,KEEP_LANE,1,999.00,False,False
543,27.15,28.58,70.00,-1.0000,1.00,0.00,KEEP_LANE,1,999.00,False,False
544,27.20,29.05,70.00,-1.0000,1.00,0.00,KEEP_LANE,1,999.00,False,False
545,27.25,29.52,70.00,-1.0000,1.00,0.00,KEEP_LANE,1,999.00,False,False
546,27.30,29.99,70.00,-1.0000,1.00,0.00,KEEP_LANE,1,999.00,False,False
547,27.35,30.13,70.00,-0.6000,1.00,0.00,KEEP_LANE,1,999.00,False,False
548,27.40,31.21,70.00,-0.6000,1.00,0.00,KEEP_LANE,1,999.00,False,False
549,27.45,11.46,70.00,-1.0000,1.00,0.00,KEEP_LANE,1,999.00,False,False
550,27.50,8.77,70.00,-1.0000,1.00,0.00,KEEP_LANE,1,999.00,False,False
551,27.55,5.99,70.00,-1.0000,1.00,0.00,KEEP_LANE,1,999.00,False,False
552,27.60,2.13,70.00,-1.0000,1.00,0.00,KEEP_LANE,1,999.00,False,False
553,27.65,3.07,70.00,-1.0000,1.00,0.00,KEEP_LANE,1,999.00,False,False
554,27.70,6.23,70.00,-1.0000,1.00,0.00,KEEP_LANE,1,999.00,False,False
555,27.75,8.10,70.00,-1.0000,1.00,0.00,KEEP_LANE,1,999.00,False,False
556,27.80,1.03,70.00,-1.0000,1.00,0.00,KEEP_LANE,1,999.00,False,False
557,27.85,1.12,70.00,-1.0000,1.00,0.00,KEEP_LANE,1,999.00,False,False
558,27.90,0.24,70.00,-1.0000,1.00,0.00,KEEP_LANE,1,999.00,False,False
559,27.95,0.57,70.00,-1.0000,1.00,0.00,KEEP_LANE,1,999.00,False,False
560,28.00,0.28,70.00,-1.0000,1.00,0.00,KEEP_LANE,1,999.00,False,False
561,28.05,0.10,70.00,-1.0000,1.00,0.00,KEEP_LANE,1,999.00,False,False
562,28.10,0.11,70.00,-1.0000,1.00,0.00,KEEP_LANE,1,999.00,False,False
563,28.15,0.10,70.00,-1.0000,1.00,0.00,KEEP_LANE,1,999.00,False,False
564,28.20,0.06,70.00,-1.0000,1.00,0.00,KEEP_LANE,1,999.00,False,False
565,28.25,0.08,70.00,-1.0000,1.00,0.00,KEEP_LANE,1,999.00,False,False
566,28.30,0.07,70.00,-1.0000,1.00,0.00,KEEP_LANE,1,999.00,False,False
567,28.35,0.07,70.00,-1.0000,1.00,0.00,KEEP_LANE,1,999.00,False,False
568,28.40,0.07,70.00,-1.0000,1.00,0.00,KEEP_LANE,1,999.00,False,False
569,28.45,0.07,70.00,-1.0000,1.00,0.00,KEEP_LANE,1,999.00,False,False
570,28.50,0.07,70.00,-1.0000,1.00,0.00,KEEP_LANE,1,999.00,False,False
571,28.55,0.07,70.00,-1.0000,1.00,0.00,KEEP_LANE,1,999.00,False,False
572,28.60,0.07,70.00,-1.0000,1.00,0.00,KEEP_LANE,1,999.00,False,False
573,28.65,0.07,70.00,-1.0000,1.00,0.00,KEEP_LANE,1,999.00,False,False
574,28.70,0.07,70.00,-1.0000,1.00,0.00,KEEP_LANE,1,999.00,False,False
575,28.75,0.07,70.00,-1.0000,1.00,0.00,KEEP_LANE,1,999.00,False,False
576,28.80,0.07,70.00,-1.0000,1.00,0.00,KEEP_LANE,1,999.00,False,False
577,28.85,0.07,70.00,-1.0000,1.00,0.00,KEEP_LANE,1,999.00,False,False
578,28.90,0.07,70.00,-1.0000,1.00,0.00,KEEP_LANE,1,999.00,False,False
579,28.95,0.07,70.00,-1.0000,1.00,0.00,KEEP_LANE,1,999.00,False,False
580,29.00,0.07,70.00,-1.0000,1.00,0.00,KEEP_LANE,1,999.00,False,False
581,29.05,0.07,70.00,-1.0000,1.00,0.00,KEEP_LANE,1,999.00,False,False
582,29.10,0.07,70.00,-1.0000,1.00,0.00,KEEP_LANE,1,999.00,False,False
583,29.15,0.07,70.00,-1.0000,1.00,0.00,KEEP_LANE,1,999.00,False,False
584,29.20,0.07,70.00,-1.0000,1.00,0.00,KEEP_LANE,1,999.00,False,False
585,29.25,0.07,70.00,-1.0000,1.00,0.00,KEEP_LANE,1,999.00,False,False
586,29.30,0.07,70.00,-1.0000,1.00,0.00,KEEP_LANE,1,999.00,False,False
587,29.35,0.07,70.00,-1.0000,1.00,0.00,KEEP_LANE,1,999.00,False,False
588,29.40,0.08,70.00,-1.0000,1.00,0.00,KEEP_LANE,1,999.00,False,False
589,29.45,0.07,70.00,-1.0000,1.00,0.00,KEEP_LANE,1,999.00,False,False
590,29.50,0.07,70.00,-1.0000,1.00,0.00,KEEP_LANE,1,999.00,False,False
591,29.55,0.07,70.00,-1.0000,1.00,0.00,KEEP_LANE,1,999.00,False,False
592,29.60,0.07,70.00,-1.0000,1.00,0.00,KEEP_LANE,1,999.00,False,False
593,29.65,0.07,70.00,-1.0000,1.00,0.00,KEEP_LANE,1,999.00,False,False
594,29.70,0.07,70.00,-1.0000,1.00,0.00,KEEP_LANE,1,999.00,False,False
595,29.75,0.07,70.00,-1.0000,1.00,0.00,KEEP_LANE,1,999.00,False,False
596,29.80,0.07,70.00,-1.0000,1.00,0.00,KEEP_LANE,1,999.00,False,False
597,29.85,0.07,70.00,-1.0000,1.00,0.00,KEEP_LANE,1,999.00,False,False
598,29.90,0.07,70.00,-1.0000,1.00,0.00,KEEP_LANE,1,999.00,False,False
599,29.95,0.07,70.00,-1.0000,1.00,0.00,KEEP_LANE,1,999.00,False,False
600,30.00,0.07,70.00,-1.0000,1.00,0.00,KEEP_LANE,1,999.00,False,False
601,30.05,0.07,70.00,-1.0000,1.00,0.00,KEEP_LANE,1,999.00,False,False
602,30.10,0.07,70.00,-1.0000,1.00,0.00,KEEP_LANE,1,999.00,False,False
603,30.15,0.07,70.00,-1.0000,1.00,0.00,KEEP_LANE,1,999.00,False,False
604,30.20,0.07,70.00,-1.0000,1.00,0.00,KEEP_LANE,1,999.00,False,False
605,30.25,0.07,70.00,-1.0000,1.00,0.00,KEEP_LANE,1,999.00,False,False
606,30.30,0.07,70.00,-1.0000,1.00,0.00,KEEP_LANE,1,999.00,False,False
607,30.35,0.07,70.00,-1.0000,1.00,0.00,KEEP_LANE,1,999.00,False,False
608,30.40,0.07,70.00,-1.0000,1.00,0.00,KEEP_LANE,1,999.00,False,False
609,30.45,0.07,70.00,-1.0000,1.00,0.00,KEEP_LANE,1,999.00,False,False
610,30.50,0.07,70.00,-1.0000,1.00,0.00,KEEP_LANE,1,999.00,False,False
611,30.55,0.07,70.00,-1.0000,1.00,0.00,KEEP_LANE,1,999.00,False,False
612,30.60,0.07,70.00,-1.0000,1.00,0.00,KEEP_LANE,1,999.00,False,False
613,30.65,0.07,70.00,-1.0000,1.00,0.00,KEEP_LANE,1,999.00,False,False
614,30.70,0.06,70.00,-1.0000,1.00,0.00,KEEP_LANE,1,999.00,False,False
615,30.75,0.07,70.00,-1.0000,1.00,0.00,KEEP_LANE,1,999.00,False,False
616,30.80,0.07,70.00,-1.0000,1.00,0.00,KEEP_LANE,1,999.00,False,False
617,30.85,0.07,70.00,-1.0000,1.00,0.00,KEEP_LANE,1,999.00,False,False
618,30.90,0.07,70.00,-1.0000,1.00,0.00,KEEP_LANE,1,999.00,False,False
619,30.95,0.07,70.00,-1.0000,1.00,0.00,KEEP_LANE,1,999.00,False,False
620,31.00,0.07,70.00,-1.0000,1.00,0.00,KEEP_LANE,1,999.00,False,False
621,31.05,0.07,70.00,-1.0000,1.00,0.00,KEEP_LANE,1,999.00,False,False
622,31.10,0.07,70.00,-1.0000,1.00,0.00,KEEP_LANE,1,999.00,False,False
623,31.15,0.07,70.00,-1.0000,1.00,0.00,KEEP_LANE,1,999.00,False,False
624,31.20,0.07,70.00,-1.0000,1.00,0.00,KEEP_LANE,1,999.00,False,False
625,31.25,0.07,70.00,-1.0000,1.00,0.00,KEEP_LANE,1,999.00,False,False
626,31.30,0.07,70.00,-1.0000,1.00,0.00,KEEP_LANE,1,999.00,False,False
627,31.35,0.07,70.00,-1.0000,1.00,0.00,KEEP_LANE,1,999.00,False,False
628,31.40,0.07,70.00,-1.0000,1.00,0.00,KEEP_LANE,1,999.00,False,False
629,31.45,0.07,70.00,-1.0000,1.00,0.00,KEEP_LANE,1,999.00,False,False
630,31.50,0.07,70.00,-1.0000,1.00,0.00,KEEP_LANE,1,999.00,False,False
631,31.55,0.07,70.00,-1.0000,1.00,0.00,KEEP_LANE,1,999.00,False,False
632,31.60,0.07,70.00,-1.0000,1.00,0.00,KEEP_LANE,1,999.00,False,False
633,31.65,0.07,70.00,-1.0000,1.00,0.00,KEEP_LANE,1,999.00,False,False
634,31.70,0.07,70.00,-1.0000,1.00,0.00,KEEP_LANE,1,999.00,False,False
635,31.75,0.07,70.00,-1.0000,1.00,0.00,KEEP_LANE,1,999.00,False,False
636,31.80,0.07,70.00,-1.0000,1.00,0.00,KEEP_LANE,1,999.00,False,False
637,31.85,0.07,70.00,-1.0000,1.00,0.00,KEEP_LANE,1,999.00,False,False
638,31.90,0.07,70.00,-1.0000,1.00,0.00,KEEP_LANE,1,999.00,False,False
639,31.95,0.07,70.00,-1.0000,1.00,0.00,KEEP_LANE,1,999.00,False,False
640,32.00,0.07,70.00,-1.0000,1.00,0.00,KEEP_LANE,1,999.00,False,False
641,32.05,0.06,70.00,-1.0000,1.00,0.00,KEEP_LANE,1,999.00,False,False
642,32.10,0.07,70.00,-1.0000,1.00,0.00,KEEP_LANE,1,999.00,False,False
643,32.15,0.08,70.00,-1.0000,1.00,0.00,KEEP_LANE,1,999.00,False,False
644,32.20,0.07,70.00,-1.0000,1.00,0.00,KEEP_LANE,1,999.00,False,False
645,32.25,0.07,70.00,-1.0000,1.00,0.00,KEEP_LANE,1,999.00,False,False
646,32.30,0.07,70.00,-1.0000,1.00,0.00,KEEP_LANE,1,999.00,False,False
647,32.35,0.06,70.00,-1.0000,1.00,0.00,KEEP_LANE,1,999.00,False,False
648,32.40,0.07,70.00,-1.0000,1.00,0.00,KEEP_LANE,1,999.00,False,False
649,32.45,0.07,70.00,-1.0000,1.00,0.00,KEEP_LANE,1,999.00,False,False
650,32.50,0.06,70.00,-1.0000,1.00,0.00,KEEP_LANE,1,999.00,False,False
651,32.55,0.06,70.00,-1.0000,1.00,0.00,KEEP_LANE,1,999.00,False,False
652,32.60,0.08,70.00,-1.0000,1.00,0.00,KEEP_LANE,1,999.00,False,False
653,32.65,0.06,70.00,-1.0000,1.00,0.00,KEEP_LANE,1,999.00,False,False
654,32.70,0.07,70.00,-1.0000,1.00,0.00,KEEP_LANE,1,999.00,False,False
655,32.75,0.06,70.00,-1.0000,1.00,0.00,KEEP_LANE,1,999.00,False,False
656,32.80,0.06,70.00,-1.0000,1.00,0.00,KEEP_LANE,1,999.00,False,False
657,32.85,0.08,70.00,-1.0000,1.00,0.00,KEEP_LANE,1,999.00,False,False
658,32.90,0.06,70.00,-1.0000,1.00,0.00,KEEP_LANE,1,999.00,False,False
659,32.95,0.06,70.00,-1.0000,1.00,0.00,KEEP_LANE,1,999.00,False,False
660,33.00,0.06,70.00,-1.0000,1.00,0.00,KEEP_LANE,1,999.00,False,False
661,33.05,0.08,70.00,-1.0000,1.00,0.00,KEEP_LANE,1,999.00,False,False
662,33.10,0.08,70.00,-1.0000,1.00,0.00,KEEP_LANE,1,999.00,False,False
663,33.15,0.08,70.00,-1.0000,1.00,0.00,KEEP_LANE,1,999.00,False,False
664,33.20,0.07,70.00,-1.0000,1.00,0.00,KEEP_LANE,1,999.00,False,False
665,33.25,0.08,70.00,-1.0000,1.00,0.00,KEEP_LANE,1,999.00,False,False
666,33.30,0.08,70.00,-1.0000,1.00,0.00,KEEP_LANE,1,999.00,False,False
667,33.35,0.08,70.00,-1.0000,1.00,0.00,KEEP_LANE,1,999.00,False,False
668,33.40,0.07,70.00,-1.0000,1.00,0.00,KEEP_LANE,1,999.00,False,False
669,33.45,0.06,70.00,-1.0000,1.00,0.00,KEEP_LANE,1,999.00,False,False
670,33.50,0.08,70.00,-1.0000,1.00,0.00,KEEP_LANE,1,999.00,False,False
671,33.55,0.09,70.00,-1.0000,1.00,0.00,KEEP_LANE,1,999.00,False,False
672,33.60,0.07,70.00,-1.0000,1.00,0.00,KEEP_LANE,1,999.00,False,False
673,33.65,0.07,70.00,-1.0000,1.00,0.00,KEEP_LANE,1,999.00,False,False
674,33.70,0.08,70.00,-1.0000,1.00,0.00,KEEP_LANE,1,999.00,False,False
675,33.75,0.06,70.00,-1.0000,1.00,0.00,KEEP_LANE,1,999.00,False,False
676,33.80,0.06,70.00,-1.0000,1.00,0.00,KEEP_LANE,1,999.00,False,False
677,33.85,0.08,70.00,-1.0000,1.00,0.00,KEEP_LANE,1,999.00,False,False
678,33.90,0.07,70.00,-1.0000,1.00,0.00,KEEP_LANE,1,999.00,False,False
679,33.95,0.09,70.00,-1.0000,1.00,0.00,KEEP_LANE,1,999.00,False,False
680,34.00,0.05,70.00,-1.0000,1.00,0.00,KEEP_LANE,1,999.00,False,False
681,34.05,0.08,70.00,-1.0000,1.00,0.00,KEEP_LANE,1,999.00,False,False
682,34.10,0.08,70.00,-1.0000,1.00,0.00,KEEP_LANE,1,999.00,False,False
683,34.15,0.08,70.00,-1.0000,1.00,0.00,KEEP_LANE,1,999.00,False,False
684,34.20,0.07,70.00,-1.0000,1.00,0.00,KEEP_LANE,1,999.00,False,False
685,34.25,0.07,70.00,-1.0000,1.00,0.00,KEEP_LANE,1,999.00,False,False
686,34.30,0.07,70.00,-1.0000,1.00,0.00,KEEP_LANE,1,999.00,False,False
687,34.35,0.08,70.00,-1.0000,1.00,0.00,KEEP_LANE,1,999.00,False,False
688,34.40,0.07,70.00,-1.0000,1.00,0.00,KEEP_LANE,1,999.00,False,False
689,34.45,0.08,70.00,-1.0000,1.00,0.00,KEEP_LANE,1,999.00,False,False
690,34.50,0.07,70.00,-1.0000,1.00,0.00,KEEP_LANE,1,999.00,False,False
691,34.55,0.06,70.00,-1.0000,1.00,0.00,KEEP_LANE,1,999.00,False,False
692,34.60,0.08,70.00,-1.0000,1.00,0.00,KEEP_LANE,1,999.00,False,False
693,34.65,0.07,70.00,-1.0000,1.00,0.00,KEEP_LANE,1,999.00,False,False
694,34.70,0.06,70.00,-1.0000,1.00,0.00,KEEP_LANE,1,999.00,False,False
695,34.75,0.07,70.00,-1.0000,1.00,0.00,KEEP_LANE,1,999.00,False,False
696,34.80,0.04,70.00,-1.0000,1.00,0.00,KEEP_LANE,1,999.00,False,False
697,34.85,0.07,70.00,-1.0000,1.00,0.00,KEEP_LANE,1,999.00,False,False
698,34.90,0.07,70.00,-1.0000,1.00,0.00,KEEP_LANE,1,999.00,False,False
699,34.95,0.06,70.00,-1.0000,1.00,0.00,KEEP_LANE,1,999.00,False,False
700,35.00,0.08,70.00,-1.0000,1.00,0.00,KEEP_LANE,1,999.00,False,False
701,35.05,0.07,70.00,-1.0000,1.00,0.00,KEEP_LANE,1,999.00,False,False
702,35.10,0.06,70.00,-1.0000,1.00,0.00,KEEP_LANE,1,999.00,False,False
703,35.15,0.09,70.00,-1.0000,1.00,0.00,KEEP_LANE,1,999.00,False,False
704,35.20,0.07,70.00,-1.0000,1.00,0.00,KEEP_LANE,1,999.00,False,False
705,35.25,0.08,70.00,-1.0000,1.00,0.00,KEEP_LANE,1,999.00,False,False
706,35.30,0.07,70.00,-1.0000,1.00,0.00,KEEP_LANE,1,999.00,False,False
707,35.35,0.08,70.00,-1.0000,1.00,0.00,KEEP_LANE,1,999.00,False,False
708,35.40,0.07,70.00,-1.0000,1.00,0.00,KEEP_LANE,1,999.00,False,False
709,35.45,0.09,70.00,-1.0000,1.00,0.00,KEEP_LANE,1,999.00,False,False
710,35.50,0.07,70.00,-1.0000,1.00,0.00,KEEP_LANE,1,999.00,False,False
711,35.55,0.08,70.00,-1.0000,1.00,0.00,KEEP_LANE,1,999.00,False,False
712,35.60,0.08,70.00,-1.0000,1.00,0.00,KEEP_LANE,1,999.00,False,False
713,35.65,0.07,70.00,-1.0000,1.00,0.00,KEEP_LANE,1,999.00,False,False
714,35.70,0.07,70.00,-1.0000,1.00,0.00,KEEP_LANE,1,999.00,False,False
715,35.75,0.07,70.00,-1.0000,1.00,0.00,KEEP_LANE,1,999.00,False,False
716,35.80,0.07,70.00,-1.0000,1.00,0.00,KEEP_LANE,1,999.00,False,False
717,35.85,0.06,70.00,-1.0000,1.00,0.00,KEEP_LANE,1,999.00,False,False
718,35.90,0.06,70.00,-1.0000,1.00,0.00,KEEP_LANE,1,999.00,False,False
719,35.95,0.08,70.00,-1.0000,1.00,0.00,KEEP_LANE,1,999.00,False,False
720,36.00,0.05,70.00,-1.0000,1.00,0.00,KEEP_LANE,1,999.00,False,False
721,36.05,0.07,70.00,-1.0000,1.00,0.00,KEEP_LANE,1,999.00,False,False
722,36.10,0.09,70.00,-1.0000,1.00,0.00,KEEP_LANE,1,999.00,False,False
723,36.15,0.07,70.00,-1.0000,1.00,0.00,KEEP_LANE,1,999.00,False,False
724,36.20,0.07,70.00,-1.0000,1.00,0.00,KEEP_LANE,1,999.00,False,False
725,36.25,0.07,70.00,-1.0000,1.00,0.00,KEEP_LANE,1,999.00,False,False
726,36.30,0.08,70.00,-1.0000,1.00,0.00,KEEP_LANE,1,999.00,False,False
727,36.35,0.08,70.00,-1.0000,1.00,0.00,KEEP_LANE,1,999.00,False,False
728,36.40,0.07,70.00,-1.0000,1.00,0.00,KEEP_LANE,1,999.00,False,False
729,36.45,0.08,70.00,-1.0000,1.00,0.00,KEEP_LANE,1,999.00,False,False
730,36.50,0.04,70.00,-1.0000,1.00,0.00,KEEP_LANE,1,999.00,False,False
731,36.55,0.08,70.00,-1.0000,1.00,0.00,KEEP_LANE,1,999.00,False,False
732,36.60,0.09,70.00,-1.0000,1.00,0.00,KEEP_LANE,1,999.00,False,False
733,36.65,0.07,70.00,-1.0000,1.00,0.00,KEEP_LANE,1,999.00,False,False
734,36.70,0.07,70.00,-1.0000,1.00,0.00,KEEP_LANE,1,999.00,False,False
735,36.75,0.08,70.00,-1.0000,1.00,0.00,KEEP_LANE,1,999.00,False,False
736,36.80,0.07,70.00,-1.0000,1.00,0.00,KEEP_LANE,1,999.00,False,False
737,36.85,0.06,70.00,-1.0000,1.00,0.00,KEEP_LANE,1,999.00,False,False
738,36.90,0.09,70.00,-1.0000,1.00,0.00,KEEP_LANE,1,999.00,False,False
739,36.95,0.07,70.00,-1.0000,1.00,0.00,KEEP_LANE,1,999.00,False,False
740,37.00,0.07,70.00,-1.0000,1.00,0.00,KEEP_LANE,1,999.00,False,False
741,37.05,0.08,70.00,-1.0000,1.00,0.00,KEEP_LANE,1,999.00,False,False
742,37.10,0.08,70.00,-1.0000,1.00,0.00,KEEP_LANE,1,999.00,False,False
743,37.15,0.07,70.00,-1.0000,1.00,0.00,KEEP_LANE,1,999.00,False,False
744,37.20,0.07,70.00,-1.0000,1.00,0.00,KEEP_LANE,1,999.00,False,False
745,37.25,0.07,70.00,-1.0000,1.00,0.00,KEEP_LANE,1,999.00,False,False
746,37.30,0.07,70.00,-1.0000,1.00,0.00,KEEP_LANE,1,999.00,False,False
747,37.35,0.07,70.00,-1.0000,1.00,0.00,KEEP_LANE,1,999.00,False,False
748,37.40,0.07,70.00,-1.0000,1.00,0.00,KEEP_LANE,1,999.00,False,False
749,37.45,0.07,70.00,-1.0000,1.00,0.00,KEEP_LANE,1,999.00,False,False
750,37.50,0.06,70.00,-1.0000,1.00,0.00,KEEP_LANE,1,999.00,False,False
751,37.55,0.06,70.00,-1.0000,1.00,0.00,KEEP_LANE,1,999.00,False,False
752,37.60,0.08,70.00,-1.0000,1.00,0.00,KEEP_LANE,1,999.00,False,False
753,37.65,0.06,70.00,-1.0000,1.00,0.00,KEEP_LANE,1,999.00,False,False
754,37.70,0.07,70.00,-1.0000,1.00,0.00,KEEP_LANE,1,999.00,False,False
755,37.75,0.06,70.00,-1.0000,1.00,0.00,KEEP_LANE,1,999.00,False,False
756,37.80,0.06,70.00,-1.0000,1.00,0.00,KEEP_LANE,1,999.00,False,False
757,37.85,0.06,70.00,-1.0000,1.00,0.00,KEEP_LANE,1,999.00,False,False
758,37.90,0.05,70.00,-1.0000,1.00,0.00,KEEP_LANE,1,999.00,False,False
759,37.95,0.06,70.00,-1.0000,1.00,0.00,KEEP_LANE,1,999.00,False,False
760,38.00,0.06,70.00,-1.0000,1.00,0.00,KEEP_LANE,1,999.00,False,False
761,38.05,0.07,70.00,-1.0000,1.00,0.00,KEEP_LANE,1,999.00,False,False
762,38.10,0.07,70.00,-1.0000,1.00,0.00,KEEP_LANE,1,999.00,False,False
763,38.15,0.06,70.00,-1.0000,1.00,0.00,KEEP_LANE,1,999.00,False,False
764,38.20,0.06,70.00,-1.0000,1.00,0.00,KEEP_LANE,1,999.00,False,False
765,38.25,0.06,70.00,-1.0000,1.00,0.00,KEEP_LANE,1,999.00,False,False
766,38.30,0.06,70.00,-1.0000,1.00,0.00,KEEP_LANE,1,999.00,False,False
767,38.35,0.06,70.00,-1.0000,1.00,0.00,KEEP_LANE,1,999.00,False,False
768,38.40,0.06,70.00,-1.0000,1.00,0.00,KEEP_LANE,1,999.00,False,False
769,38.45,0.06,70.00,-1.0000,1.00,0.00,KEEP_LANE,1,999.00,False,False
770,38.50,0.06,70.00,-1.0000,1.00,0.00,KEEP_LANE,1,999.00,False,False
771,38.55,0.06,70.00,-1.0000,1.00,0.00,KEEP_LANE,1,999.00,False,False
772,38.60,0.06,70.00,-1.0000,1.00,0.00,KEEP_LANE,1,999.00,False,False
773,38.65,0.06,70.00,-1.0000,1.00,0.00,KEEP_LANE,1,999.00,False,False
774,38.70,0.06,70.00,-1.0000,1.00,0.00,KEEP_LANE,1,999.00,False,False
775,38.75,0.06,70.00,-1.0000,1.00,0.00,KEEP_LANE,1,999.00,False,False
776,38.80,0.06,70.00,-1.0000,1.00,0.00,KEEP_LANE,1,999.00,False,False
777,38.85,0.06,70.00,-1.0000,1.00,0.00,KEEP_LANE,1,999.00,False,False
778,38.90,0.06,70.00,-1.0000,1.00,0.00,KEEP_LANE,1,999.00,False,False
779,38.95,0.06,70.00,-1.0000,1.00,0.00,KEEP_LANE,1,999.00,False,False
780,39.00,0.06,70.00,-1.0000,1.00,0.00,KEEP_LANE,1,999.00,False,False
781,39.05,0.06,70.00,-1.0000,1.00,0.00,KEEP_LANE,1,999.00,False,False
782,39.10,0.06,70.00,-1.0000,1.00,0.00,KEEP_LANE,1,999.00,False,False
783,39.15,0.06,70.00,-1.0000,1.00,0.00,KEEP_LANE,1,999.00,False,False
784,39.20,0.06,70.00,-1.0000,1.00,0.00,KEEP_LANE,1,999.00,False,False
785,39.25,0.06,70.00,-1.0000,1.00,0.00,KEEP_LANE,1,999.00,False,False
786,39.30,0.06,70.00,-1.0000,1.00,0.00,KEEP_LANE,1,999.00,False,False
787,39.35,0.06,70.00,-1.0000,1.00,0.00,KEEP_LANE,1,999.00,False,False
788,39.40,0.06,70.00,-1.0000,1.00,0.00,KEEP_LANE,1,999.00,False,False
789,39.45,0.06,70.00,-1.0000,1.00,0.00,KEEP_LANE,1,999.00,False,False
790,39.50,0.06,70.00,-1.0000,1.00,0.00,KEEP_LANE,1,999.00,False,False
791,39.55,0.06,70.00,-1.0000,1.00,0.00,KEEP_LANE,1,999.00,False,False
792,39.60,0.06,70.00,-1.0000,1.00,0.00,KEEP_LANE,1,999.00,False,False
793,39.65,0.06,70.00,-1.0000,1.00,0.00,KEEP_LANE,1,999.00,False,False
794,39.70,0.06,70.00,-1.0000,1.00,0.00,KEEP_LANE,1,999.00,False,False
795,39.75,0.06,70.00,-1.0000,1.00,0.00,KEEP_LANE,1,999.00,False,False
796,39.80,0.06,70.00,-1.0000,1.00,0.00,KEEP_LANE,1,999.00,False,False
797,39.85,0.06,70.00,-1.0000,1.00,0.00,KEEP_LANE,1,999.00,False,False
798,39.90,0.06,70.00,-1.0000,1.00,0.00,KEEP_LANE,1,999.00,False,False
799,39.95,0.06,70.00,-1.0000,1.00,0.00,KEEP_LANE,1,999.00,False,False
800,40.00,0.06,70.00,-1.0000,1.00,0.00,KEEP_LANE,1,999.00,False,False
801,40.05,0.06,70.00,-1.0000,1.00,0.00,KEEP_LANE,1,999.00,False,False
802,40.10,0.06,70.00,-1.0000,1.00,0.00,KEEP_LANE,1,999.00,False,False
803,40.15,0.06,70.00,-1.0000,1.00,0.00,KEEP_LANE,1,999.00,False,False
804,40.20,0.06,70.00,-1.0000,1.00,0.00,KEEP_LANE,1,999.00,False,False
805,40.25,0.06,70.00,-1.0000,1.00,0.00,KEEP_LANE,1,999.00,False,False
806,40.30,0.06,70.00,-1.0000,1.00,0.00,KEEP_LANE,1,999.00,False,False
807,40.35,0.05,70.00,-1.0000,1.00,0.00,KEEP_LANE,1,999.00,False,False
808,40.40,0.06,70.00,-1.0000,1.00,0.00,KEEP_LANE,1,999.00,False,False
809,40.45,0.06,70.00,-1.0000,1.00,0.00,KEEP_LANE,1,999.00,False,False
810,40.50,0.06,70.00,-1.0000,1.00,0.00,KEEP_LANE,1,999.00,False,False
811,40.55,0.06,70.00,-1.0000,1.00,0.00,KEEP_LANE,1,999.00,False,False
812,40.60,0.05,70.00,-1.0000,1.00,0.00,KEEP_LANE,1,999.00,False,False
813,40.65,0.06,70.00,-1.0000,1.00,0.00,KEEP_LANE,1,999.00,False,False
814,40.70,0.06,70.00,-1.0000,1.00,0.00,KEEP_LANE,1,999.00,False,False
815,40.75,0.06,70.00,-1.0000,1.00,0.00,KEEP_LANE,1,999.00,False,False
816,40.80,0.06,70.00,-1.0000,1.00,0.00,KEEP_LANE,1,999.00,False,False
817,40.85,0.06,70.00,-1.0000,1.00,0.00,KEEP_LANE,1,999.00,False,False
818,40.90,0.06,70.00,-1.0000,1.00,0.00,KEEP_LANE,1,999.00,False,False
819,40.95,0.06,70.00,-1.0000,1.00,0.00,KEEP_LANE,1,999.00,False,False
820,41.00,0.06,70.00,-1.0000,1.00,0.00,KEEP_LANE,1,999.00,False,False
821,41.05,0.06,70.00,-1.0000,1.00,0.00,KEEP_LANE,1,999.00,False,False
822,41.10,0.06,70.00,-1.0000,1.00,0.00,KEEP_LANE,1,999.00,False,False
823,41.15,0.06,70.00,-1.0000,1.00,0.00,KEEP_LANE,1,999.00,False,False
824,41.20,0.06,70.00,-1.0000,1.00,0.00,KEEP_LANE,1,999.00,False,False
825,41.25,0.06,70.00,-1.0000,1.00,0.00,KEEP_LANE,1,999.00,False,False
826,41.30,0.06,70.00,-1.0000,1.00,0.00,KEEP_LANE,1,999.00,False,False
827,41.35,0.06,70.00,-1.0000,1.00,0.00,KEEP_LANE,1,999.00,False,False
828,41.40,0.06,70.00,-1.0000,1.00,0.00,KEEP_LANE,1,999.00,False,False
829,41.45,0.07,70.00,-1.0000,1.00,0.00,KEEP_LANE,1,999.00,False,False
830,41.50,0.04,70.00,-1.0000,1.00,0.00,KEEP_LANE,1,999.00,False,False
831,41.55,0.06,70.00,-1.0000,1.00,0.00,KEEP_LANE,1,999.00,False,False
832,41.60,0.07,70.00,-1.0000,1.00,0.00,KEEP_LANE,1,999.00,False,False
833,41.65,0.06,70.00,-1.0000,1.00,0.00,KEEP_LANE,1,999.00,False,False
834,41.70,0.06,70.00,-1.0000,1.00,0.00,KEEP_LANE,1,999.00,False,False
835,41.75,0.06,70.00,-1.0000,1.00,0.00,KEEP_LANE,1,999.00,False,False
836,41.80,0.06,70.00,-1.0000,1.00,0.00,KEEP_LANE,1,999.00,False,False
837,41.85,0.04,70.00,-1.0000,1.00,0.00,KEEP_LANE,1,999.00,False,False
838,41.90,0.05,70.00,-1.0000,1.00,0.00,KEEP_LANE,1,999.00,False,False
839,41.95,0.07,70.00,-1.0000,1.00,0.00,KEEP_LANE,1,999.00,False,False
840,42.00,0.06,70.00,-1.0000,1.00,0.00,KEEP_LANE,1,999.00,False,False
841,42.05,0.06,70.00,-1.0000,1.00,0.00,KEEP_LANE,1,999.00,False,False
842,42.10,0.06,70.00,-1.0000,1.00,0.00,KEEP_LANE,1,999.00,False,False
843,42.15,0.04,70.00,-1.0000,1.00,0.00,KEEP_LANE,1,999.00,False,False
844,42.20,0.08,70.00,-1.0000,1.00,0.00,KEEP_LANE,1,999.00,False,False
845,42.25,0.05,70.00,-1.0000,1.00,0.00,KEEP_LANE,1,999.00,False,False
846,42.30,0.07,70.00,-1.0000,1.00,0.00,KEEP_LANE,1,999.00,False,False
847,42.35,0.06,70.00,-1.0000,1.00,0.00,KEEP_LANE,1,999.00,False,False
848,42.40,0.06,70.00,-1.0000,1.00,0.00,KEEP_LANE,1,999.00,False,False
849,42.45,0.06,70.00,-1.0000,1.00,0.00,KEEP_LANE,1,999.00,False,False
850,42.50,0.06,70.00,-1.0000,1.00,0.00,KEEP_LANE,1,999.00,False,False
851,42.55,0.06,70.00,-1.0000,1.00,0.00,KEEP_LANE,1,999.00,False,False
852,42.60,0.06,70.00,-1.0000,1.00,0.00,KEEP_LANE,1,999.00,False,False
853,42.65,0.06,70.00,-1.0000,1.00,0.00,KEEP_LANE,1,999.00,False,False
854,42.70,0.06,70.00,-1.0000,1.00,0.00,KEEP_LANE,1,999.00,False,False
855,42.75,0.06,70.00,-1.0000,1.00,0.00,KEEP_LANE,1,999.00,False,False
856,42.80,0.06,70.00,-1.0000,1.00,0.00,KEEP_LANE,1,999.00,False,False
857,42.85,0.05,70.00,-1.0000,1.00,0.00,KEEP_LANE,1,999.00,False,False
858,42.90,0.06,70.00,-1.0000,1.00,0.00,KEEP_LANE,1,999.00,False,False
859,42.95,0.05,70.00,-1.0000,1.00,0.00,KEEP_LANE,1,999.00,False,False
860,43.00,0.07,70.00,-1.0000,1.00,0.00,KEEP_LANE,1,999.00,False,False
861,43.05,0.07,70.00,-1.0000,1.00,0.00,KEEP_LANE,1,999.00,False,False
862,43.10,0.06,70.00,-1.0000,1.00,0.00,KEEP_LANE,1,999.00,False,False
863,43.15,0.06,70.00,-1.0000,1.00,0.00,KEEP_LANE,1,999.00,False,False
864,43.20,0.06,70.00,-1.0000,1.00,0.00,KEEP_LANE,1,999.00,False,False
865,43.25,0.06,70.00,-1.0000,1.00,0.00,KEEP_LANE,1,999.00,False,False
866,43.30,0.07,70.00,-1.0000,1.00,0.00,KEEP_LANE,1,999.00,False,False
867,43.35,0.07,70.00,-1.0000,1.00,0.00,KEEP_LANE,1,999.00,False,False
868,43.40,0.07,70.00,-1.0000,1.00,0.00,KEEP_LANE,1,999.00,False,False
869,43.45,0.07,70.00,-1.0000,1.00,0.00,KEEP_LANE,1,999.00,False,False
870,43.50,0.07,70.00,-1.0000,1.00,0.00,KEEP_LANE,1,999.00,False,False
871,43.55,0.06,70.00,-1.0000,1.00,0.00,KEEP_LANE,1,999.00,False,False
872,43.60,0.06,70.00,-1.0000,1.00,0.00,KEEP_LANE,1,999.00,False,False
873,43.65,0.07,70.00,-1.0000,1.00,0.00,KEEP_LANE,1,999.00,False,False
874,43.70,0.05,70.00,-1.0000,1.00,0.00,KEEP_LANE,1,999.00,False,False
875,43.75,0.06,70.00,-1.0000,1.00,0.00,KEEP_LANE,1,999.00,False,False
876,43.80,0.07,70.00,-1.0000,1.00,0.00,KEEP_LANE,1,999.00,False,False
877,43.85,0.06,70.00,-1.0000,1.00,0.00,KEEP_LANE,1,999.00,False,False
878,43.90,0.06,70.00,-1.0000,1.00,0.00,KEEP_LANE,1,999.00,False,False
879,43.95,0.10,70.00,-1.0000,1.00,0.00,KEEP_LANE,1,999.00,False,False
880,44.00,0.03,70.00,-1.0000,1.00,0.00,KEEP_LANE,1,999.00,False,False
881,44.05,0.07,70.00,-1.0000,1.00,0.00,KEEP_LANE,1,999.00,False,False
882,44.10,0.07,70.00,-1.0000,1.00,0.00,KEEP_LANE,1,999.00,False,False
883,44.15,0.07,70.00,-1.0000,1.00,0.00,KEEP_LANE,1,999.00,False,False
884,44.20,0.07,70.00,-1.0000,1.00,0.00,KEEP_LANE,1,999.00,False,False
885,44.25,0.07,70.00,-1.0000,1.00,0.00,KEEP_LANE,1,999.00,False,False
886,44.30,0.07,70.00,-1.0000,1.00,0.00,KEEP_LANE,1,999.00,False,False
887,44.35,0.07,70.00,-1.0000,1.00,0.00,KEEP_LANE,1,999.00,False,False
888,44.40,0.07,70.00,-1.0000,1.00,0.00,KEEP_LANE,1,999.00,False,False
889,44.45,0.08,70.00,-1.0000,1.00,0.00,KEEP_LANE,1,999.00,False,False
890,44.50,0.07,70.00,-1.0000,1.00,0.00,KEEP_LANE,1,999.00,False,False
891,44.55,0.07,70.00,-1.0000,1.00,0.00,KEEP_LANE,1,999.00,False,False
892,44.60,0.07,70.00,-1.0000,1.00,0.00,KEEP_LANE,1,999.00,False,False
893,44.65,0.05,70.00,-1.0000,1.00,0.00,KEEP_LANE,1,999.00,False,False
894,44.70,0.07,70.00,-1.0000,1.00,0.00,KEEP_LANE,1,999.00,False,False
895,44.75,0.09,70.00,-1.0000,1.00,0.00,KEEP_LANE,1,999.00,False,False
896,44.80,0.05,70.00,-1.0000,1.00,0.00,KEEP_LANE,1,999.00,False,False
897,44.85,0.07,70.00,-1.0000,1.00,0.00,KEEP_LANE,1,999.00,False,False
898,44.90,0.07,70.00,-1.0000,1.00,0.00,KEEP_LANE,1,999.00,False,False
899,44.95,0.06,70.00,-1.0000,1.00,0.00,KEEP_LANE,1,999.00,False,False
900,45.00,0.05,70.00,-1.0000,1.00,0.00,KEEP_LANE,1,999.00,False,False
901,45.05,0.08,70.00,-1.0000,1.00,0.00,KEEP_LANE,1,999.00,False,False
902,45.10,0.07,70.00,-1.0000,1.00,0.00,KEEP_LANE,1,999.00,False,False
903,45.15,0.07,70.00,-1.0000,1.00,0.00,KEEP_LANE,1,999.00,False,False
904,45.20,0.07,70.00,-1.0000,1.00,0.00,KEEP_LANE,1,999.00,False,False
905,45.25,0.11,70.00,-1.0000,1.00,0.00,KEEP_LANE,1,999.00,False,False
906,45.30,0.07,70.00,-1.0000,1.00,0.00,KEEP_LANE,1,999.00,False,False
907,45.35,0.07,70.00,-1.0000,1.00,0.00,KEEP_LANE,1,999.00,False,False
908,45.40,0.09,70.00,-1.0000,1.00,0.00,KEEP_LANE,1,999.00,False,False
909,45.45,0.07,70.00,-1.0000,1.00,0.00,KEEP_LANE,1,999.00,False,False
910,45.50,0.07,70.00,-1.0000,1.00,0.00,KEEP_LANE,1,999.00,False,False
911,45.55,0.07,70.00,-1.0000,1.00,0.00,KEEP_LANE,1,999.00,False,False
912,45.60,0.07,70.00,-1.0000,1.00,0.00,KEEP_LANE,1,999.00,False,False
913,45.65,0.08,70.00,-1.0000,1.00,0.00,KEEP_LANE,1,999.00,False,False
914,45.70,0.07,70.00,-1.0000,1.00,0.00,KEEP_LANE,1,999.00,False,False
915,45.75,0.07,70.00,-1.0000,1.00,0.00,KEEP_LANE,1,999.00,False,False
916,45.80,0.08,70.00,-1.0000,1.00,0.00,KEEP_LANE,1,999.00,False,False
917,45.85,0.06,70.00,-1.0000,1.00,0.00,KEEP_LANE,1,999.00,False,False
918,45.90,0.07,70.00,-1.0000,1.00,0.00,KEEP_LANE,1,999.00,False,False
919,45.95,0.07,70.00,-1.0000,1.00,0.00,KEEP_LANE,1,999.00,False,False
920,46.00,0.05,70.00,-1.0000,1.00,0.00,KEEP_LANE,1,999.00,False,False
921,46.05,0.07,70.00,-1.0000,1.00,0.00,KEEP_LANE,1,999.00,False,False
922,46.10,0.07,70.00,-1.0000,1.00,0.00,KEEP_LANE,1,999.00,False,False
923,46.15,0.05,70.00,-1.0000,1.00,0.00,KEEP_LANE,1,999.00,False,False
924,46.20,0.08,70.00,-1.0000,1.00,0.00,KEEP_LANE,1,999.00,False,False
925,46.25,0.07,70.00,-1.0000,1.00,0.00,KEEP_LANE,1,999.00,False,False
926,46.30,0.06,70.00,-1.0000,1.00,0.00,KEEP_LANE,1,999.00,False,False
927,46.35,0.08,70.00,-1.0000,1.00,0.00,KEEP_LANE,1,999.00,False,False
928,46.40,0.07,70.00,-1.0000,1.00,0.00,KEEP_LANE,1,999.00,False,False
929,46.45,0.04,70.00,-1.0000,1.00,0.00,KEEP_LANE,1,999.00,False,False
930,46.50,0.10,70.00,-1.0000,1.00,0.00,KEEP_LANE,1,999.00,False,False
931,46.55,0.07,70.00,-1.0000,1.00,0.00,KEEP_LANE,1,999.00,False,False
932,46.60,0.07,70.00,-1.0000,1.00,0.00,KEEP_LANE,1,999.00,False,False
933,46.65,0.07,70.00,-1.0000,1.00,0.00,KEEP_LANE,1,999.00,False,False
934,46.70,0.06,70.00,-1.0000,1.00,0.00,KEEP_LANE,1,999.00,False,False
935,46.75,0.07,70.00,-1.0000,1.00,0.00,KEEP_LANE,1,999.00,False,False
936,46.80,0.10,70.00,-1.0000,1.00,0.00,KEEP_LANE,1,999.00,False,False
937,46.85,0.07,70.00,-1.0000,1.00,0.00,KEEP_LANE,1,999.00,False,False
938,46.90,0.07,70.00,-1.0000,1.00,0.00,KEEP_LANE,1,999.00,False,False
939,46.95,0.07,70.00,-1.0000,1.00,0.00,KEEP_LANE,1,999.00,False,False
940,47.00,0.06,70.00,-1.0000,1.00,0.00,KEEP_LANE,1,999.00,False,False
941,47.05,0.06,70.00,-1.0000,1.00,0.00,KEEP_LANE,1,999.00,False,False
942,47.10,0.07,70.00,-1.0000,1.00,0.00,KEEP_LANE,1,999.00,False,False
943,47.15,0.07,70.00,-1.0000,1.00,0.00,KEEP_LANE,1,999.00,False,False
944,47.20,0.07,70.00,-1.0000,1.00,0.00,KEEP_LANE,1,999.00,False,False
945,47.25,0.11,70.00,-1.0000,1.00,0.00,KEEP_LANE,1,999.00,False,False
946,47.30,0.09,70.00,-1.0000,1.00,0.00,KEEP_LANE,1,999.00,False,False
947,47.35,0.06,70.00,-1.0000,1.00,0.00,KEEP_LANE,1,999.00,False,False
948,47.40,0.03,70.00,-1.0000,1.00,0.00,KEEP_LANE,1,999.00,False,False
949,47.45,0.07,70.00,-1.0000,1.00,0.00,KEEP_LANE,1,999.00,False,False
950,47.50,0.10,70.00,-1.0000,1.00,0.00,KEEP_LANE,1,999.00,False,False
951,47.55,0.07,70.00,-1.0000,1.00,0.00,KEEP_LANE,1,999.00,False,False
952,47.60,0.12,70.00,-1.0000,1.00,0.00,KEEP_LANE,1,999.00,False,False
953,47.65,0.06,70.00,-1.0000,1.00,0.00,KEEP_LANE,1,999.00,False,False
954,47.70,0.10,70.00,-1.0000,1.00,0.00,KEEP_LANE,1,999.00,False,False
955,47.75,0.06,70.00,-1.0000,1.00,0.00,KEEP_LANE,1,999.00,False,False
956,47.80,0.05,70.00,-1.0000,1.00,0.00,KEEP_LANE,1,999.00,False,False
957,47.85,0.07,70.00,-1.0000,1.00,0.00,KEEP_LANE,1,999.00,False,False
958,47.90,0.06,70.00,-1.0000,1.00,0.00,KEEP_LANE,1,999.00,False,False
959,47.95,0.05,70.00,-1.0000,1.00,0.00,KEEP_LANE,1,999.00,False,False
960,48.00,0.05,70.00,-1.0000,1.00,0.00,KEEP_LANE,1,999.00,False,False
961,48.05,0.06,70.00,-1.0000,1.00,0.00,KEEP_LANE,1,999.00,False,False
962,48.10,0.07,70.00,-1.0000,1.00,0.00,KEEP_LANE,1,999.00,False,False
963,48.15,0.05,70.00,-1.0000,1.00,0.00,KEEP_LANE,1,999.00,False,False
964,48.20,0.05,70.00,-1.0000,1.00,0.00,KEEP_LANE,1,999.00,False,False
965,48.25,0.06,70.00,-1.0000,1.00,0.00,KEEP_LANE,1,999.00,False,False
966,48.30,0.06,70.00,-1.0000,1.00,0.00,KEEP_LANE,1,999.00,False,False
967,48.35,0.04,70.00,-1.0000,1.00,0.00,KEEP_LANE,1,999.00,False,False
968,48.40,0.07,70.00,-1.0000,1.00,0.00,KEEP_LANE,1,999.00,False,False
969,48.45,0.05,70.00,-1.0000,1.00,0.00,KEEP_LANE,1,999.00,False,False
970,48.50,0.10,70.00,-1.0000,1.00,0.00,KEEP_LANE,1,999.00,False,False
971,48.55,0.05,70.00,-1.0000,1.00,0.00,KEEP_LANE,1,999.00,False,False
972,48.60,0.07,70.00,-1.0000,1.00,0.00,KEEP_LANE,1,999.00,False,False
973,48.65,0.01,70.00,-1.0000,1.00,0.00,KEEP_LANE,1,999.00,False,False
974,48.70,0.07,70.00,-1.0000,1.00,0.00,KEEP_LANE,1,999.00,False,False
975,48.75,0.03,70.00,-1.0000,1.00,0.00,KEEP_LANE,1,999.00,False,False
976,48.80,0.07,70.00,-1.0000,1.00,0.00,KEEP_LANE,1,999.00,False,False
977,48.85,0.03,70.00,-1.0000,1.00,0.00,KEEP_LANE,1,999.00,False,False
978,48.90,0.10,70.00,-1.0000,1.00,0.00,KEEP_LANE,1,999.00,False,False
979,48.95,0.05,70.00,-1.0000,1.00,0.00,KEEP_LANE,1,999.00,False,False
980,49.00,0.09,70.00,-1.0000,1.00,0.00,KEEP_LANE,1,999.00,False,False
981,49.05,0.08,70.00,-1.0000,1.00,0.00,KEEP_LANE,1,999.00,False,False
982,49.10,0.07,70.00,-1.0000,1.00,0.00,KEEP_LANE,1,999.00,False,False
983,49.15,0.10,70.00,-1.0000,1.00,0.00,KEEP_LANE,1,999.00,False,False
984,49.20,0.06,70.00,-1.0000,1.00,0.00,KEEP_LANE,1,999.00,False,False
985,49.25,0.06,70.00,-1.0000,1.00,0.00,KEEP_LANE,1,999.00,False,False
986,49.30,0.06,70.00,-1.0000,1.00,0.00,KEEP_LANE,1,999.00,False,False
987,49.35,0.11,70.00,-1.0000,1.00,0.00,KEEP_LANE,1,999.00,False,False
988,49.40,0.05,70.00,-1.0000,1.00,0.00,KEEP_LANE,1,999.00,False,False
989,49.45,0.06,70.00,-1.0000,1.00,0.00,KEEP_LANE,1,999.00,False,False
990,49.50,0.08,70.00,-1.0000,1.00,0.00,KEEP_LANE,1,999.00,False,False
991,49.55,0.06,70.00,-1.0000,1.00,0.00,KEEP_LANE,1,999.00,False,False
992,49.60,0.04,70.00,-1.0000,1.00,0.00,KEEP_LANE,1,999.00,False,False
993,49.65,0.07,70.00,-1.0000,1.00,0.00,KEEP_LANE,1,999.00,False,False
994,49.70,0.09,70.00,-1.0000,1.00,0.00,KEEP_LANE,1,999.00,False,False
995,49.75,0.07,70.00,-1.0000,1.00,0.00,KEEP_LANE,1,999.00,False,False
996,49.80,0.03,70.00,-1.0000,1.00,0.00,KEEP_LANE,1,999.00,False,False
997,49.85,0.05,70.00,-1.0000,1.00,0.00,KEEP_LANE,1,999.00,False,False
998,49.90,0.05,70.00,-1.0000,1.00,0.00,KEEP_LANE,1,999.00,False,False
999,49.95,0.03,70.00,-1.0000,1.00,0.00,KEEP_LANE,1,999.00,False,False
1000,50.00,0.07,70.00,-1.0000,1.00,0.00,KEEP_LANE,1,999.00,False,False
1001,50.05,0.08,70.00,-1.0000,1.00,0.00,KEEP_LANE,1,999.00,False,False
1002,50.10,0.09,70.00,-1.0000,1.00,0.00,KEEP_LANE,1,999.00,False,False
1003,50.15,0.05,70.00,-1.0000,1.00,0.00,KEEP_LANE,1,999.00,False,False
1004,50.20,0.08,70.00,-1.0000,1.00,0.00,KEEP_LANE,1,999.00,False,False
1005,50.25,0.07,70.00,-1.0000,1.00,0.00,KEEP_LANE,1,999.00,False,False
1006,50.30,0.05,70.00,-1.0000,1.00,0.00,KEEP_LANE,1,999.00,False,False
1007,50.35,0.08,70.00,-1.0000,1.00,0.00,KEEP_LANE,1,999.00,False,False
1008,50.40,0.12,70.00,-1.0000,1.00,0.00,KEEP_LANE,1,999.00,False,False
1009,50.45,0.07,70.00,-1.0000,1.00,0.00,KEEP_LANE,1,999.00,False,False
1010,50.50,0.08,70.00,-1.0000,1.00,0.00,KEEP_LANE,1,999.00,False,False
1011,50.55,0.05,70.00,-1.0000,1.00,0.00,KEEP_LANE,1,999.00,False,False
1012,50.60,0.07,70.00,-1.0000,1.00,0.00,KEEP_LANE,1,999.00,False,False
1013,50.65,0.06,70.00,-1.0000,1.00,0.00,KEEP_LANE,1,999.00,False,False
1014,50.70,0.05,70.00,-1.0000,1.00,0.00,KEEP_LANE,1,999.00,False,False
1015,50.75,0.09,70.00,-1.0000,1.00,0.00,KEEP_LANE,1,999.00,False,False
1016,50.80,0.05,70.00,-1.0000,1.00,0.00,KEEP_LANE,1,999.00,False,False
1017,50.85,0.08,70.00,-1.0000,1.00,0.00,KEEP_LANE,1,999.00,False,False
1018,50.90,0.07,70.00,-1.0000,1.00,0.00,KEEP_LANE,1,999.00,False,False
1019,50.95,0.04,70.00,-1.0000,1.00,0.00,KEEP_LANE,1,999.00,False,False
1020,51.00,0.07,70.00,-1.0000,1.00,0.00,KEEP_LANE,1,999.00,False,False
1021,51.05,0.12,70.00,-1.0000,1.00,0.00,KEEP_LANE,1,999.00,False,False
1022,51.10,0.08,70.00,-1.0000,1.00,0.00,KEEP_LANE,1,999.00,False,False
1023,51.15,0.03,70.00,-1.0000,1.00,0.00,KEEP_LANE,1,999.00,False,False
1024,51.20,0.05,70.00,-1.0000,1.00,0.00,KEEP_LANE,1,999.00,False,False
1025,51.25,0.07,70.00,-1.0000,1.00,0.00,KEEP_LANE,1,999.00,False,False
1026,51.30,0.07,70.00,-1.0000,1.00,0.00,KEEP_LANE,1,999.00,False,False
1027,51.35,0.07,70.00,-1.0000,1.00,0.00,KEEP_LANE,1,999.00,False,False
1028,51.40,0.06,70.00,-1.0000,1.00,0.00,KEEP_LANE,1,999.00,False,False
1029,51.45,0.06,70.00,-1.0000,1.00,0.00,KEEP_LANE,1,999.00,False,False
1030,51.50,0.01,70.00,-1.0000,1.00,0.00,KEEP_LANE,1,999.00,False,False
1031,51.55,0.10,70.00,-1.0000,1.00,0.00,KEEP_LANE,1,999.00,False,False
1032,51.60,0.08,70.00,-1.0000,1.00,0.00,KEEP_LANE,1,999.00,False,False
1033,51.65,0.08,70.00,-1.0000,1.00,0.00,KEEP_LANE,1,999.00,False,False
1034,51.70,0.08,70.00,-1.0000,1.00,0.00,KEEP_LANE,1,999.00,False,False
1035,51.75,0.03,70.00,-1.0000,1.00,0.00,KEEP_LANE,1,999.00,False,False
1036,51.80,0.04,70.00,-1.0000,1.00,0.00,KEEP_LANE,1,999.00,False,False
1037,51.85,0.04,70.00,-1.0000,1.00,0.00,KEEP_LANE,1,999.00,False,False
1038,51.90,0.03,70.00,-1.0000,1.00,0.00,KEEP_LANE,1,999.00,False,False
1039,51.95,0.02,70.00,-1.0000,1.00,0.00,KEEP_LANE,1,999.00,False,False
1040,52.00,0.02,70.00,-1.0000,1.00,0.00,KEEP_LANE,1,999.00,False,False
1041,52.05,0.03,70.00,-1.0000,1.00,0.00,KEEP_LANE,1,999.00,False,False
1042,52.10,0.04,70.00,-1.0000,1.00,0.00,KEEP_LANE,1,999.00,False,False
1043,52.15,0.04,70.00,-1.0000,1.00,0.00,KEEP_LANE,1,999.00,False,False
1044,52.20,0.04,70.00,-1.0000,1.00,0.00,KEEP_LANE,1,999.00,False,False
1045,52.25,0.06,70.00,-1.0000,1.00,0.00,KEEP_LANE,1,999.00,False,False
1046,52.30,0.07,70.00,-1.0000,1.00,0.00,KEEP_LANE,1,999.00,False,False
1047,52.35,0.06,70.00,-1.0000,1.00,0.00,KEEP_LANE,1,999.00,False,False
1048,52.40,0.12,70.00,-1.0000,1.00,0.00,KEEP_LANE,1,999.00,False,False
1049,52.45,0.06,70.00,-1.0000,1.00,0.00,KEEP_LANE,1,999.00,False,False
1050,52.50,0.06,70.00,-1.0000,1.00,0.00,KEEP_LANE,1,999.00,False,False
1051,52.55,0.05,70.00,-1.0000,1.00,0.00,KEEP_LANE,1,999.00,False,False
1052,52.60,0.05,70.00,-1.0000,1.00,0.00,KEEP_LANE,1,999.00,False,False
1053,52.65,0.06,70.00,-1.0000,1.00,0.00,KEEP_LANE,1,999.00,False,False
1054,52.70,0.06,70.00,-1.0000,1.00,0.00,KEEP_LANE,1,999.00,False,False
1055,52.75,0.06,70.00,-1.0000,1.00,0.00,KEEP_LANE,1,999.00,False,False
1056,52.80,0.08,70.00,-1.0000,1.00,0.00,KEEP_LANE,1,999.00,False,False
1057,52.85,0.10,70.00,-1.0000,1.00,0.00,KEEP_LANE,1,999.00,False,False
1058,52.90,0.05,70.00,-1.0000,1.00,0.00,KEEP_LANE,1,999.00,False,False
1059,52.95,0.06,70.00,-1.0000,1.00,0.00,KEEP_LANE,1,999.00,False,False
1060,53.00,0.09,70.00,-1.0000,1.00,0.00,KEEP_LANE,1,999.00,False,False
1061,53.05,0.04,70.00,-1.0000,1.00,0.00,KEEP_LANE,1,999.00,False,False
1062,53.10,0.06,70.00,-1.0000,1.00,0.00,KEEP_LANE,1,999.00,False,False
1063,53.15,0.06,70.00,-1.0000,1.00,0.00,KEEP_LANE,1,999.00,False,False
1064,53.20,0.06,70.00,-1.0000,1.00,0.00,KEEP_LANE,1,999.00,False,False
1065,53.25,0.06,70.00,-1.0000,1.00,0.00,KEEP_LANE,1,999.00,False,False
1066,53.30,0.06,70.00,-1.0000,1.00,0.00,KEEP_LANE,1,999.00,False,False
1067,53.35,0.06,70.00,-1.0000,1.00,0.00,KEEP_LANE,1,999.00,False,False
1068,53.40,0.06,70.00,-1.0000,1.00,0.00,KEEP_LANE,1,999.00,False,False
1069,53.45,0.06,70.00,-1.0000,1.00,0.00,KEEP_LANE,1,999.00,False,False
1070,53.50,0.06,70.00,-1.0000,1.00,0.00,KEEP_LANE,1,999.00,False,False
1071,53.55,0.06,70.00,-1.0000,1.00,0.00,KEEP_LANE,1,999.00,False,False
1072,53.60,0.11,70.00,-1.0000,1.00,0.00,KEEP_LANE,1,999.00,False,False
1073,53.65,0.11,70.00,-1.0000,1.00,0.00,KEEP_LANE,1,999.00,False,False
1074,53.70,0.06,70.00,-1.0000,1.00,0.00,KEEP_LANE,1,999.00,False,False
1075,53.75,0.05,70.00,-1.0000,1.00,0.00,KEEP_LANE,1,999.00,False,False
1076,53.80,0.06,70.00,-1.0000,1.00,0.00,KEEP_LANE,1,999.00,False,False
1077,53.85,0.12,70.00,-1.0000,1.00,0.00,KEEP_LANE,1,999.00,False,False
1078,53.90,0.06,70.00,-1.0000,1.00,0.00,KEEP_LANE,1,999.00,False,False
1079,53.95,0.06,70.00,-1.0000,1.00,0.00,KEEP_LANE,1,999.00,False,False
1080,54.00,0.06,70.00,-1.0000,1.00,0.00,KEEP_LANE,1,999.00,False,False
1081,54.05,0.06,70.00,-1.0000,1.00,0.00,KEEP_LANE,1,999.00,False,False
1082,54.10,0.06,70.00,-1.0000,1.00,0.00,KEEP_LANE,1,999.00,False,False
1083,54.15,0.06,70.00,-1.0000,1.00,0.00,KEEP_LANE,1,999.00,False,False
1084,54.20,0.07,70.00,-1.0000,1.00,0.00,KEEP_LANE,1,999.00,False,False
1085,54.25,0.11,70.00,-1.0000,1.00,0.00,KEEP_LANE,1,999.00,False,False
1086,54.30,0.12,70.00,-1.0000,1.00,0.00,KEEP_LANE,1,999.00,False,False
1087,54.35,0.10,70.00,-1.0000,1.00,0.00,KEEP_LANE,1,999.00,False,False
1088,54.40,0.13,70.00,-1.0000,1.00,0.00,KEEP_LANE,1,999.00,False,False
1089,54.45,0.07,70.00,-1.0000,1.00,0.00,KEEP_LANE,1,999.00,False,False
1090,54.50,0.06,70.00,-1.0000,1.00,0.00,KEEP_LANE,1,999.00,False,False
1091,54.55,0.06,70.00,-1.0000,1.00,0.00,KEEP_LANE,1,999.00,False,False
1092,54.60,0.06,70.00,-1.0000,1.00,0.00,KEEP_LANE,1,999.00,False,False
1093,54.65,0.12,70.00,-1.0000,1.00,0.00,KEEP_LANE,1,999.00,False,False
1094,54.70,0.06,70.00,-1.0000,1.00,0.00,KEEP_LANE,1,999.00,False,False
1095,54.75,0.08,70.00,-1.0000,1.00,0.00,KEEP_LANE,1,999.00,False,False
1096,54.80,0.08,70.00,-1.0000,1.00,0.00,KEEP_LANE,1,999.00,False,False
1097,54.85,0.08,70.00,-1.0000,1.00,0.00,KEEP_LANE,1,999.00,False,False
1098,54.90,0.06,70.00,-1.0000,1.00,0.00,KEEP_LANE,1,999.00,False,False
1099,54.95,0.10,70.00,-1.0000,1.00,0.00,KEEP_LANE,1,999.00,False,False
1100,55.00,0.08,70.00,-1.0000,1.00,0.00,KEEP_LANE,1,999.00,False,False
1101,55.05,0.10,70.00,-1.0000,1.00,0.00,KEEP_LANE,1,999.00,False,False
1102,55.10,0.09,70.00,-1.0000,1.00,0.00,KEEP_LANE,1,999.00,False,False
1103,55.15,0.06,70.00,-1.0000,1.00,0.00,KEEP_LANE,1,999.00,False,False
1104,55.20,0.10,70.00,-1.0000,1.00,0.00,KEEP_LANE,1,999.00,False,False
1105,55.25,0.08,70.00,-1.0000,1.00,0.00,KEEP_LANE,1,999.00,False,False
1106,55.30,0.05,70.00,-1.0000,1.00,0.00,KEEP_LANE,1,999.00,False,False
1107,55.35,0.09,70.00,-1.0000,1.00,0.00,KEEP_LANE,1,999.00,False,False
1108,55.40,0.06,70.00,-1.0000,1.00,0.00,KEEP_LANE,1,999.00,False,False
1109,55.45,0.05,70.00,-1.0000,1.00,0.00,KEEP_LANE,1,999.00,False,False
1110,55.50,0.06,70.00,-1.0000,1.00,0.00,KEEP_LANE,1,999.00,False,False
1111,55.55,0.07,70.00,-1.0000,1.00,0.00,KEEP_LANE,1,999.00,False,False
1112,55.60,0.07,70.00,-1.0000,1.00,0.00,KEEP_LANE,1,999.00,False,False
1113,55.65,0.06,70.00,-1.0000,1.00,0.00,KEEP_LANE,1,999.00,False,False
1114,55.70,0.05,70.00,-1.0000,1.00,0.00,KEEP_LANE,1,999.00,False,False
1115,55.75,0.02,70.00,-1.0000,1.00,0.00,KEEP_LANE,1,999.00,False,False
1116,55.80,0.03,70.00,-1.0000,1.00,0.00,KEEP_LANE,1,999.00,False,False
1117,55.85,0.02,70.00,-1.0000,1.00,0.00,KEEP_LANE,1,999.00,False,False
1118,55.90,0.00,70.00,-1.0000,1.00,0.00,KEEP_LANE,1,999.00,False,False
1119,55.95,0.02,70.00,-1.0000,1.00,0.00,KEEP_LANE,1,999.00,False,False
1120,56.00,0.02,70.00,-1.0000,1.00,0.00,KEEP_LANE,1,999.00,False,False
1121,56.05,0.02,70.00,-1.0000,1.00,0.00,KEEP_LANE,1,999.00,False,False
1122,56.10,0.07,70.00,-1.0000,1.00,0.00,KEEP_LANE,1,999.00,False,False
1123,56.15,0.03,70.00,-1.0000,1.00,0.00,KEEP_LANE,1,999.00,False,False
1124,56.20,0.03,70.00,-1.0000,1.00,0.00,KEEP_LANE,1,999.00,False,False
1125,56.25,0.03,70.00,-1.0000,1.00,0.00,KEEP_LANE,1,999.00,False,False
1126,56.30,0.04,70.00,-1.0000,1.00,0.00,KEEP_LANE,1,999.00,False,False
1127,56.35,0.02,70.00,-1.0000,1.00,0.00,KEEP_LANE,1,999.00,False,False
1128,56.40,0.01,70.00,-1.0000,1.00,0.00,KEEP_LANE,1,999.00,False,False
1129,56.45,0.01,70.00,-1.0000,1.00,0.00,KEEP_LANE,1,999.00,False,False
1130,56.50,0.01,70.00,-1.0000,1.00,0.00,KEEP_LANE,1,999.00,False,False
1131,56.55,0.02,70.00,-1.0000,1.00,0.00,KEEP_LANE,1,999.00,False,False
1132,56.60,0.04,70.00,-1.0000,1.00,0.00,KEEP_LANE,1,999.00,False,False
1133,56.65,0.03,70.00,-1.0000,1.00,0.00,KEEP_LANE,1,999.00,False,False
1134,56.70,0.04,70.00,-1.0000,1.00,0.00,KEEP_LANE,1,999.00,False,False
1135,56.75,0.01,70.00,-1.0000,1.00,0.00,KEEP_LANE,1,999.00,False,False
1136,56.80,0.04,70.00,-1.0000,1.00,0.00,KEEP_LANE,1,999.00,False,False
1137,56.85,0.07,70.00,-1.0000,1.00,0.00,KEEP_LANE,1,999.00,False,False
1138,56.90,0.02,70.00,-1.0000,1.00,0.00,KEEP_LANE,1,999.00,False,False
1139,56.95,0.02,70.00,-1.0000,1.00,0.00,KEEP_LANE,1,999.00,False,False
1140,57.00,0.02,70.00,-1.0000,1.00,0.00,KEEP_LANE,1,999.00,False,False
1141,57.05,0.02,70.00,-1.0000,1.00,0.00,KEEP_LANE,1,999.00,False,False
1142,57.10,0.01,70.00,-1.0000,1.00,0.00,KEEP_LANE,1,999.00,False,False
1143,57.15,0.01,70.00,-1.0000,1.00,0.00,KEEP_LANE,1,999.00,False,False
1144,57.20,0.06,70.00,-1.0000,1.00,0.00,KEEP_LANE,1,999.00,False,False
1145,57.25,0.01,70.00,-1.0000,1.00,0.00,KEEP_LANE,1,999.00,False,False
1146,57.30,0.03,70.00,-1.0000,1.00,0.00,KEEP_LANE,1,999.00,False,False
1147,57.35,0.01,70.00,-1.0000,1.00,0.00,KEEP_LANE,1,999.00,False,False
1148,57.40,0.02,70.00,-1.0000,1.00,0.00,KEEP_LANE,1,999.00,False,False
1149,57.45,0.04,70.00,-1.0000,1.00,0.00,KEEP_LANE,1,999.00,False,False
1150,57.50,0.01,70.00,-1.0000,1.00,0.00,KEEP_LANE,1,999.00,False,False
1151,57.55,0.02,70.00,-1.0000,1.00,0.00,KEEP_LANE,1,999.00,False,False
1152,57.60,0.05,70.00,-1.0000,1.00,0.00,KEEP_LANE,1,999.00,False,False
1153,57.65,0.01,70.00,-1.0000,1.00,0.00,KEEP_LANE,1,999.00,False,False
1154,57.70,0.03,70.00,-1.0000,1.00,0.00,KEEP_LANE,1,999.00,False,False
1155,57.75,0.00,70.00,-1.0000,1.00,0.00,KEEP_LANE,1,999.00,False,False
1156,57.80,0.02,70.00,-1.0000,1.00,0.00,KEEP_LANE,1,999.00,False,False
1157,57.85,0.00,70.00,-1.0000,1.00,0.00,KEEP_LANE,1,999.00,False,False
1158,57.90,0.01,70.00,-1.0000,1.00,0.00,KEEP_LANE,1,999.00,False,False
1159,57.95,0.02,70.00,-1.0000,1.00,0.00,KEEP_LANE,1,999.00,False,False
1160,58.00,0.00,70.00,-1.0000,1.00,0.00,KEEP_LANE,1,999.00,False,False
1161,58.05,0.02,70.00,-1.0000,1.00,0.00,KEEP_LANE,1,999.00,False,False
1162,58.10,0.00,70.00,-1.0000,1.00,0.00,KEEP_LANE,1,999.00,False,False
1163,58.15,0.05,70.00,-1.0000,1.00,0.00,KEEP_LANE,1,999.00,False,False
1164,58.20,0.00,70.00,-1.0000,1.00,0.00,KEEP_LANE,1,999.00,False,False
1165,58.25,0.02,70.00,-1.0000,1.00,0.00,KEEP_LANE,1,999.00,False,False
1166,58.30,0.00,70.00,-1.0000,1.00,0.00,KEEP_LANE,1,999.00,False,False
1167,58.35,0.02,70.00,-1.0000,1.00,0.00,KEEP_LANE,1,999.00,False,False
1168,58.40,0.01,70.00,-1.0000,1.00,0.00,KEEP_LANE,1,999.00,False,False
1169,58.45,0.02,70.00,-1.0000,1.00,0.00,KEEP_LANE,1,999.00,False,False
1170,58.50,0.01,70.00,-1.0000,1.00,0.00,KEEP_LANE,1,999.00,False,False
1171,58.55,0.02,70.00,-1.0000,1.00,0.00,KEEP_LANE,1,999.00,False,False
1172,58.60,0.01,70.00,-1.0000,1.00,0.00,KEEP_LANE,1,999.00,False,False
1173,58.65,0.01,70.00,-1.0000,1.00,0.00,KEEP_LANE,1,999.00,False,False
1174,58.70,0.02,70.00,-1.0000,1.00,0.00,KEEP_LANE,1,999.00,False,False
1175,58.75,0.01,70.00,-1.0000,1.00,0.00,KEEP_LANE,1,999.00,False,False
1176,58.80,0.01,70.00,-1.0000,1.00,0.00,KEEP_LANE,1,999.00,False,False
1177,58.85,0.02,70.00,-1.0000,1.00,0.00,KEEP_LANE,1,999.00,False,False
1178,58.90,0.00,70.00,-1.0000,1.00,0.00,KEEP_LANE,1,999.00,False,False
1179,58.95,0.04,70.00,-1.0000,1.00,0.00,KEEP_LANE,1,999.00,False,False
1180,59.00,0.01,70.00,-1.0000,1.00,0.00,KEEP_LANE,1,999.00,False,False
1181,59.05,0.02,70.00,-1.0000,1.00,0.00,KEEP_LANE,1,999.00,False,False
1182,59.10,0.01,70.00,-1.0000,1.00,0.00,KEEP_LANE,1,999.00,False,False
1183,59.15,0.01,70.00,-1.0000,1.00,0.00,KEEP_LANE,1,999.00,False,False
1184,59.20,0.00,70.00,-1.0000,1.00,0.00,KEEP_LANE,1,999.00,False,False
1185,59.25,0.01,70.00,-1.0000,1.00,0.00,KEEP_LANE,1,999.00,False,False
1186,59.30,0.02,70.00,-1.0000,1.00,0.00,KEEP_LANE,1,999.00,False,False
1187,59.35,0.01,70.00,-1.0000,1.00,0.00,KEEP_LANE,1,999.00,False,False
1188,59.40,0.01,70.00,-1.0000,1.00,0.00,KEEP_LANE,1,999.00,False,False
1189,59.45,0.05,70.00,-1.0000,1.00,0.00,KEEP_LANE,1,999.00,False,False
1190,59.50,0.01,70.00,-1.0000,1.00,0.00,KEEP_LANE,1,999.00,False,False
1191,59.55,0.00,70.00,-1.0000,1.00,0.00,KEEP_LANE,1,999.00,False,False
1192,59.60,0.03,70.00,-1.0000,1.00,0.00,KEEP_LANE,1,999.00,False,False
1193,59.65,0.01,70.00,-1.0000,1.00,0.00,KEEP_LANE,1,999.00,False,False
1194,59.70,0.01,70.00,-1.0000,1.00,0.00,KEEP_LANE,1,999.00,False,False
1195,59.75,0.02,70.00,-1.0000,1.00,0.00,KEEP_LANE,1,999.00,False,False
1196,59.80,0.02,70.00,-1.0000,1.00,0.00,KEEP_LANE,1,999.00,False,False
1197,59.85,0.03,70.00,-1.0000,1.00,0.00,KEEP_LANE,1,999.00,False,False
1198,59.90,0.03,70.00,-1.0000,1.00,0.00,KEEP_LANE,1,999.00,False,False
1199,59.95,0.02,70.00,-1.0000,1.00,0.00,KEEP_LANE,1,999.00,False,False
1200,60.00,0.03,70.00,-1.0000,1.00,0.00,KEEP_LANE,1,999.00,False,False
1201,60.05,0.02,70.00,-1.0000,1.00,0.00,KEEP_LANE,1,999.00,False,False
1202,60.10,0.00,70.00,-1.0000,1.00,0.00,KEEP_LANE,1,999.00,False,False
1203,60.15,0.01,70.00,-1.0000,1.00,0.00,KEEP_LANE,1,999.00,False,False
1204,60.20,0.02,70.00,-1.0000,1.00,0.00,KEEP_LANE,1,999.00,False,False
1205,60.25,0.02,70.00,-1.0000,1.00,0.00,KEEP_LANE,1,999.00,False,False
1206,60.30,0.00,70.00,-1.0000,1.00,0.00,KEEP_LANE,1,999.00,False,False
1207,60.35,0.02,70.00,-1.0000,1.00,0.00,KEEP_LANE,1,999.00,False,False
1208,60.40,0.00,70.00,-1.0000,1.00,0.00,KEEP_LANE,1,999.00,False,False
1209,60.45,0.01,70.00,-1.0000,1.00,0.00,KEEP_LANE,1,999.00,False,False
1210,60.50,0.00,70.00,-1.0000,1.00,0.00,KEEP_LANE,1,999.00,False,False
1211,60.55,0.01,70.00,-1.0000,1.00,0.00,KEEP_LANE,1,999.00,False,False
1212,60.60,0.01,70.00,-1.0000,1.00,0.00,KEEP_LANE,1,999.00,False,False
1213,60.65,0.01,70.00,-1.0000,1.00,0.00,KEEP_LANE,1,999.00,False,False
1214,60.70,0.00,70.00,-1.0000,1.00,0.00,KEEP_LANE,1,999.00,False,False
1215,60.75,0.01,70.00,-1.0000,1.00,0.00,KEEP_LANE,1,999.00,False,False
1216,60.80,0.03,70.00,-1.0000,1.00,0.00,KEEP_LANE,1,999.00,False,False
1217,60.85,0.03,70.00,-1.0000,1.00,0.00,KEEP_LANE,1,999.00,False,False
1218,60.90,0.02,70.00,-1.0000,1.00,0.00,KEEP_LANE,1,999.00,False,False
1219,60.95,0.00,70.00,-1.0000,1.00,0.00,KEEP_LANE,1,999.00,False,False
1220,61.00,0.00,70.00,-1.0000,1.00,0.00,KEEP_LANE,1,999.00,False,False
1221,61.05,0.05,70.00,-1.0000,1.00,0.00,KEEP_LANE,1,999.00,False,False
1222,61.10,0.04,70.00,-1.0000,1.00,0.00,KEEP_LANE,1,999.00,False,False
1223,61.15,0.02,70.00,-1.0000,1.00,0.00,KEEP_LANE,1,999.00,False,False
1224,61.20,0.02,70.00,-1.0000,1.00,0.00,KEEP_LANE,1,999.00,False,False
1225,61.25,0.02,70.00,-1.0000,1.00,0.00,KEEP_LANE,1,999.00,False,False
1226,61.30,0.02,70.00,-1.0000,1.00,0.00,KEEP_LANE,1,999.00,False,False
1227,61.35,0.02,70.00,-1.0000,1.00,0.00,KEEP_LANE,1,999.00,False,False
1228,61.40,0.02,70.00,-1.0000,1.00,0.00,KEEP_LANE,1,999.00,False,False
1229,61.45,0.02,70.00,-1.0000,1.00,0.00,KEEP_LANE,1,999.00,False,False
1230,61.50,0.01,70.00,-1.0000,1.00,0.00,KEEP_LANE,1,999.00,False,False
1231,61.55,0.03,70.00,-1.0000,1.00,0.00,KEEP_LANE,1,999.00,False,False
1232,61.60,0.03,70.00,-1.0000,1.00,0.00,KEEP_LANE,1,999.00,False,False
1233,61.65,0.02,70.00,-1.0000,1.00,0.00,KEEP_LANE,1,999.00,False,False
1234,61.70,0.00,70.00,-1.0000,1.00,0.00,KEEP_LANE,1,999.00,False,False
1235,61.75,0.02,70.00,-1.0000,1.00,0.00,KEEP_LANE,1,999.00,False,False
1236,61.80,0.01,70.00,-1.0000,1.00,0.00,KEEP_LANE,1,999.00,False,False
1237,61.85,0.02,70.00,-1.0000,1.00,0.00,KEEP_LANE,1,999.00,False,False
1238,61.90,0.02,70.00,-1.0000,1.00,0.00,KEEP_LANE,1,999.00,False,False
1239,61.95,0.01,70.00,-1.0000,1.00,0.00,KEEP_LANE,1,999.00,False,False
1240,62.00,0.03,70.00,-1.0000,1.00,0.00,KEEP_LANE,1,999.00,False,False
1241,62.05,0.04,70.00,-1.0000,1.00,0.00,KEEP_LANE,1,999.00,False,False
1242,62.10,0.01,70.00,-1.0000,1.00,0.00,KEEP_LANE,1,999.00,False,False
1243,62.15,0.02,70.00,-1.0000,1.00,0.00,KEEP_LANE,1,999.00,False,False
1244,62.20,0.00,70.00,-1.0000,1.00,0.00,KEEP_LANE,1,999.00,False,False
1245,62.25,0.01,70.00,-1.0000,1.00,0.00,KEEP_LANE,1,999.00,False,False
1246,62.30,0.01,70.00,-1.0000,1.00,0.00,KEEP_LANE,1,999.00,False,False
1247,62.35,0.05,70.00,-1.0000,1.00,0.00,KEEP_LANE,1,999.00,False,False
1248,62.40,0.02,70.00,-1.0000,1.00,0.00,KEEP_LANE,1,999.00,False,False
1249,62.45,0.00,70.00,-1.0000,1.00,0.00,KEEP_LANE,1,999.00,False,False
1250,62.50,0.02,70.00,-1.0000,1.00,0.00,KEEP_LANE,1,999.00,False,False
1251,62.55,0.04,70.00,-1.0000,1.00,0.00,KEEP_LANE,1,999.00,False,False
